universe	macrogroup_id	macrogroup_name	macrogroup_order	supercategory_description	category_id	category_display_name	category_order_within_macrogroup	category_description	core_member_gene_sets	example_count	example_gene_set_1	example_gene_set_2	example_gene_set_3	source_dictionary	source_dictionary_sha256	expanded_dictionary_sha256	category_map_sha256	verification_status
GOBP-C2	DEVELOPMENT_NEURAL	Developmental and neural programs	4	Groups developmental, morphogenetic, neurogenic and synaptic biological programs.	DEVELOPMENT_MORPHOGENESIS	Development and morphogenesis	1	Groups biological-process and curated C2 gene sets describing development and morphogenesis.	1010	3	GOBP_DEVELOPMENTAL_GROWTH_INVOLVED_IN_MORPHOGENESIS	GOBP_EAR_DEVELOPMENT	WP_HEART_DEVELOPMENT	lisa_dictionary_core@1.0.0	f24b5bd8d9ac66b6d64c1a91c56ab567aa64a37f05dee5ce0ed3011b2bed8994	0914c2d2e40369041a2313e913898f9c8e4065779e3973b076b70ea473045736	d61fcb2e1d40d0448d459daaab952975477203bb00b76cb53145aea8f61333b1	verified_exact_membership
GOBP-C2	DEVELOPMENT_NEURAL	Developmental and neural programs	4	Groups developmental, morphogenetic, neurogenic and synaptic biological programs.	NEUROGENESIS_SYNAPSE	Neurogenesis and synapse	2	Groups biological-process and curated C2 gene sets describing neurogenesis and synapse.	791	3	GOBP_NEUROGENESIS	GOBP_REGULATION_OF_NEUROGENESIS	GOBP_SYNAPSE_PRUNING	lisa_dictionary_core@1.0.0	f24b5bd8d9ac66b6d64c1a91c56ab567aa64a37f05dee5ce0ed3011b2bed8994	0914c2d2e40369041a2313e913898f9c8e4065779e3973b076b70ea473045736	d61fcb2e1d40d0448d459daaab952975477203bb00b76cb53145aea8f61333b1	verified_exact_membership
GOBP-C2	GENOME_GENE_EXPRESSION	Genome and gene expression	7	Groups genome maintenance and the transcriptional, post-transcriptional and translational control of gene expression.	DNA_DAMAGE_REPAIR_CHECKPOINTS	DNA damage, repair and checkpoints	1	Groups biological-process and curated C2 gene sets describing DNA damage, repair and checkpoints.	295	3	GOBP_REGULATION_OF_DNA_DAMAGE_CHECKPOINT	GOBP_DNA_REPAIR	REACTOME_DNA_REPAIR	lisa_dictionary_core@1.0.0	f24b5bd8d9ac66b6d64c1a91c56ab567aa64a37f05dee5ce0ed3011b2bed8994	0914c2d2e40369041a2313e913898f9c8e4065779e3973b076b70ea473045736	d61fcb2e1d40d0448d459daaab952975477203bb00b76cb53145aea8f61333b1	verified_exact_membership
GOBP-C2	GENOME_GENE_EXPRESSION	Genome and gene expression	7	Groups genome maintenance and the transcriptional, post-transcriptional and translational control of gene expression.	RNA_PROCESSING_SPLICING_RNP	RNA processing and RNP biology	2	Groups biological-process and curated C2 gene sets describing RNA processing and RNP biology.	263	3	GOBP_RNA_PROCESSING	GOBP_MITOCHONDRIAL_RNA_PROCESSING	GOBP_RNA_3_END_PROCESSING	lisa_dictionary_core@1.0.0	f24b5bd8d9ac66b6d64c1a91c56ab567aa64a37f05dee5ce0ed3011b2bed8994	0914c2d2e40369041a2313e913898f9c8e4065779e3973b076b70ea473045736	d61fcb2e1d40d0448d459daaab952975477203bb00b76cb53145aea8f61333b1	verified_exact_membership
GOBP-C2	GENOME_GENE_EXPRESSION	Genome and gene expression	7	Groups genome maintenance and the transcriptional, post-transcriptional and translational control of gene expression.	TRANSCRIPTION_CHROMATIN_EPIGENETICS	Transcription, chromatin and epigenetics	3	Groups biological-process and curated C2 gene sets describing transcription, chromatin and epigenetics.	416	3	GOBP_CHROMATIN_LOOPING	GOBP_MRNA_TRANSCRIPTION	GOBP_RRNA_TRANSCRIPTION	lisa_dictionary_core@1.0.0	f24b5bd8d9ac66b6d64c1a91c56ab567aa64a37f05dee5ce0ed3011b2bed8994	0914c2d2e40369041a2313e913898f9c8e4065779e3973b076b70ea473045736	d61fcb2e1d40d0448d459daaab952975477203bb00b76cb53145aea8f61333b1	verified_exact_membership
GOBP-C2	GENOME_GENE_EXPRESSION	Genome and gene expression	7	Groups genome maintenance and the transcriptional, post-transcriptional and translational control of gene expression.	TRANSLATION_RIBOSOME	Translation and ribosome	4	Groups biological-process and curated C2 gene sets describing translation and ribosome.	116	3	KEGG_RIBOSOME	GOBP_TRANSLATION	REACTOME_TRANSLATION	lisa_dictionary_core@1.0.0	f24b5bd8d9ac66b6d64c1a91c56ab567aa64a37f05dee5ce0ed3011b2bed8994	0914c2d2e40369041a2313e913898f9c8e4065779e3973b076b70ea473045736	d61fcb2e1d40d0448d459daaab952975477203bb00b76cb53145aea8f61333b1	verified_exact_membership
GOBP-C2	IMMUNE_INFLAMMATION	Immune and inflammatory biology	8	Groups adaptive, innate, cytokine, complement and antigen-presentation programs in immune and inflammatory biology.	IMMUNE_ADAPTIVE_ANTIGEN_MHC	Adaptive immunity and antigen presentation	1	Groups biological-process and curated C2 gene sets describing adaptive immunity and antigen presentation.	328	3	GOBP_ANTIGEN_PROCESSING_AND_PRESENTATION	KEGG_ANTIGEN_PROCESSING_AND_PRESENTATION	GOBP_REGULATION_OF_ANTIGEN_PROCESSING_AND_PRESENTATION	lisa_dictionary_core@1.0.0	f24b5bd8d9ac66b6d64c1a91c56ab567aa64a37f05dee5ce0ed3011b2bed8994	0914c2d2e40369041a2313e913898f9c8e4065779e3973b076b70ea473045736	d61fcb2e1d40d0448d459daaab952975477203bb00b76cb53145aea8f61333b1	verified_exact_membership
GOBP-C2	IMMUNE_INFLAMMATION	Immune and inflammatory biology	8	Groups adaptive, innate, cytokine, complement and antigen-presentation programs in immune and inflammatory biology.	IMMUNE_CYTOKINE_INFLAMMATORY	Cytokine and inflammatory signaling	2	Groups biological-process and curated C2 gene sets describing cytokine and inflammatory signaling.	535	3	WP_CYTOKINES_AND_INFLAMMATORY_RESPONSE	BIOCARTA_INFLAM_PATHWAY	BIOCARTA_CYTOKINE_PATHWAY	lisa_dictionary_core@1.0.0	f24b5bd8d9ac66b6d64c1a91c56ab567aa64a37f05dee5ce0ed3011b2bed8994	0914c2d2e40369041a2313e913898f9c8e4065779e3973b076b70ea473045736	d61fcb2e1d40d0448d459daaab952975477203bb00b76cb53145aea8f61333b1	verified_exact_membership
GOBP-C2	IMMUNE_INFLAMMATION	Immune and inflammatory biology	8	Groups adaptive, innate, cytokine, complement and antigen-presentation programs in immune and inflammatory biology.	IMMUNE_CORE	Immune core	3	Groups biological-process and curated C2 gene sets describing immune core.	185	3	GOBP_REGULATION_OF_IMMUNE_RESPONSE	GOBP_IMMUNE_EFFECTOR_PROCESS	GOBP_ACTIVATION_OF_IMMUNE_RESPONSE	lisa_dictionary_core@1.0.0	f24b5bd8d9ac66b6d64c1a91c56ab567aa64a37f05dee5ce0ed3011b2bed8994	0914c2d2e40369041a2313e913898f9c8e4065779e3973b076b70ea473045736	d61fcb2e1d40d0448d459daaab952975477203bb00b76cb53145aea8f61333b1	verified_exact_membership
GOBP-C2	IMMUNE_INFLAMMATION	Immune and inflammatory biology	8	Groups adaptive, innate, cytokine, complement and antigen-presentation programs in immune and inflammatory biology.	IMMUNE_INNATE_COMPLEMENT_PRR	Innate immunity, complement and PRR	4	Groups biological-process and curated C2 gene sets describing innate immunity, complement and PRR.	308	3	WP_COMPLEMENT_SYSTEM	WP_COMPLEMENT_ACTIVATION	GOBP_COMPLEMENT_ACTIVATION	lisa_dictionary_core@1.0.0	f24b5bd8d9ac66b6d64c1a91c56ab567aa64a37f05dee5ce0ed3011b2bed8994	0914c2d2e40369041a2313e913898f9c8e4065779e3973b076b70ea473045736	d61fcb2e1d40d0448d459daaab952975477203bb00b76cb53145aea8f61333b1	verified_exact_membership
GOBP-C2	METABOLISM_BIOENERGETICS	Metabolism and bioenergetics	12	Groups amino-acid, carbohydrate, lipid, nucleotide, mitochondrial and detoxification programs that support metabolism and energy balance.	METABOLISM_AA_ONECARBON	Amino acid and one-carbon metabolism	1	Groups biological-process and curated C2 gene sets describing amino acid and one-carbon metabolism.	251	3	WP_AMINO_ACID_METABOLISM	GOBP_AMINO_ACID_METABOLIC_PROCESS	GOBP_ONE_CARBON_METABOLIC_PROCESS	lisa_dictionary_core@1.0.0	f24b5bd8d9ac66b6d64c1a91c56ab567aa64a37f05dee5ce0ed3011b2bed8994	0914c2d2e40369041a2313e913898f9c8e4065779e3973b076b70ea473045736	d61fcb2e1d40d0448d459daaab952975477203bb00b76cb53145aea8f61333b1	verified_exact_membership
GOBP-C2	METABOLISM_BIOENERGETICS	Metabolism and bioenergetics	12	Groups amino-acid, carbohydrate, lipid, nucleotide, mitochondrial and detoxification programs that support metabolism and energy balance.	METABOLISM_CARBOHYDRATE_GLYCOLYSIS	Carbohydrate metabolism and glycolysis	2	Groups biological-process and curated C2 gene sets describing carbohydrate metabolism and glycolysis.	172	3	GOBP_CARBOHYDRATE_METABOLIC_PROCESS	GOBP_REGULATION_OF_CARBOHYDRATE_METABOLIC_PROCESS	GOBP_CARBOHYDRATE_DERIVATIVE_METABOLIC_PROCESS	lisa_dictionary_core@1.0.0	f24b5bd8d9ac66b6d64c1a91c56ab567aa64a37f05dee5ce0ed3011b2bed8994	0914c2d2e40369041a2313e913898f9c8e4065779e3973b076b70ea473045736	d61fcb2e1d40d0448d459daaab952975477203bb00b76cb53145aea8f61333b1	verified_exact_membership
GOBP-C2	METABOLISM_BIOENERGETICS	Metabolism and bioenergetics	12	Groups amino-acid, carbohydrate, lipid, nucleotide, mitochondrial and detoxification programs that support metabolism and energy balance.	DETOX_XENOBIOTIC_METABOLISM	Detoxification and xenobiotic metabolism	3	Groups biological-process and curated C2 gene sets describing detoxification and xenobiotic metabolism.	126	3	GOBP_XENOBIOTIC_METABOLIC_PROCESS	GOBP_DETOXIFICATION	REACTOME_XENOBIOTICS	lisa_dictionary_core@1.0.0	f24b5bd8d9ac66b6d64c1a91c56ab567aa64a37f05dee5ce0ed3011b2bed8994	0914c2d2e40369041a2313e913898f9c8e4065779e3973b076b70ea473045736	d61fcb2e1d40d0448d459daaab952975477203bb00b76cb53145aea8f61333b1	verified_exact_membership
GOBP-C2	METABOLISM_BIOENERGETICS	Metabolism and bioenergetics	12	Groups amino-acid, carbohydrate, lipid, nucleotide, mitochondrial and detoxification programs that support metabolism and energy balance.	METABOLISM_CORE	General metabolism	4	Groups biological-process and curated C2 gene sets describing general metabolism.	51	3	GOBP_ATP_METABOLIC_PROCESS	GOBP_RECEPTOR_METABOLIC_PROCESS	REACTOME_METABOLISM_OF_COFACTORS	lisa_dictionary_core@1.0.0	f24b5bd8d9ac66b6d64c1a91c56ab567aa64a37f05dee5ce0ed3011b2bed8994	0914c2d2e40369041a2313e913898f9c8e4065779e3973b076b70ea473045736	d61fcb2e1d40d0448d459daaab952975477203bb00b76cb53145aea8f61333b1	verified_exact_membership
GOBP-C2	METABOLISM_BIOENERGETICS	Metabolism and bioenergetics	12	Groups amino-acid, carbohydrate, lipid, nucleotide, mitochondrial and detoxification programs that support metabolism and energy balance.	METABOLISM_LIPID_FA	Lipid and fatty acid metabolism	5	Groups biological-process and curated C2 gene sets describing lipid and fatty acid metabolism.	637	3	KEGG_FATTY_ACID_METABOLISM	REACTOME_FATTY_ACID_METABOLISM	GOBP_FATTY_ACID_METABOLIC_PROCESS	lisa_dictionary_core@1.0.0	f24b5bd8d9ac66b6d64c1a91c56ab567aa64a37f05dee5ce0ed3011b2bed8994	0914c2d2e40369041a2313e913898f9c8e4065779e3973b076b70ea473045736	d61fcb2e1d40d0448d459daaab952975477203bb00b76cb53145aea8f61333b1	verified_exact_membership
GOBP-C2	METABOLISM_BIOENERGETICS	Metabolism and bioenergetics	12	Groups amino-acid, carbohydrate, lipid, nucleotide, mitochondrial and detoxification programs that support metabolism and energy balance.	MITOCHONDRIA_OXPHOS_ETC	Mitochondria, OXPHOS and ETC	6	Groups biological-process and curated C2 gene sets describing mitochondria, OXPHOS and ETC.	143	3	BIOCARTA_ETC_PATHWAY	GOBP_MITOCHONDRIAL_FUSION	GOBP_MITOCHONDRIAL_FISSION	lisa_dictionary_core@1.0.0	f24b5bd8d9ac66b6d64c1a91c56ab567aa64a37f05dee5ce0ed3011b2bed8994	0914c2d2e40369041a2313e913898f9c8e4065779e3973b076b70ea473045736	d61fcb2e1d40d0448d459daaab952975477203bb00b76cb53145aea8f61333b1	verified_exact_membership
GOBP-C2	METABOLISM_BIOENERGETICS	Metabolism and bioenergetics	12	Groups amino-acid, carbohydrate, lipid, nucleotide, mitochondrial and detoxification programs that support metabolism and energy balance.	METABOLISM_NUCLEOTIDE	Nucleotide metabolism	7	Groups biological-process and curated C2 gene sets describing nucleotide metabolism.	175	3	WP_NUCLEOTIDE_METABOLISM	GOBP_NUCLEOBASE_METABOLIC_PROCESS	GOBP_NUCLEOSIDE_METABOLIC_PROCESS	lisa_dictionary_core@1.0.0	f24b5bd8d9ac66b6d64c1a91c56ab567aa64a37f05dee5ce0ed3011b2bed8994	0914c2d2e40369041a2313e913898f9c8e4065779e3973b076b70ea473045736	d61fcb2e1d40d0448d459daaab952975477203bb00b76cb53145aea8f61333b1	verified_exact_membership
GOBP-C2	METABOLISM_BIOENERGETICS	Metabolism and bioenergetics	12	Groups amino-acid, carbohydrate, lipid, nucleotide, mitochondrial and detoxification programs that support metabolism and energy balance.	PEROXISOME_FAO	Peroxisome and fatty acid oxidation	8	Groups biological-process and curated C2 gene sets describing peroxisome and fatty acid oxidation.	21	3	GOBP_FATTY_ACID_ALPHA_OXIDATION	KEGG_PEROXISOME	GOBP_FATTY_ACID_BETA_OXIDATION_USING_ACYL_COA_OXIDASE	lisa_dictionary_core@1.0.0	f24b5bd8d9ac66b6d64c1a91c56ab567aa64a37f05dee5ce0ed3011b2bed8994	0914c2d2e40369041a2313e913898f9c8e4065779e3973b076b70ea473045736	d61fcb2e1d40d0448d459daaab952975477203bb00b76cb53145aea8f61333b1	verified_exact_membership
GOBP-C2	MICROENVIRONMENT_VASCULAR_ECM	Microenvironment, vascular and ECM	13	Groups extracellular-matrix remodeling, vascular, angiogenic and lymphatic programs in the tissue microenvironment.	ECM_MATRIX_REMODELING	ECM and matrix remodeling	1	Groups biological-process and curated C2 gene sets describing ECM and matrix remodeling.	183	3	REACTOME_ECM_PROTEOGLYCANS	WP_MATRIX_METALLOPROTEINASES	KEGG_ECM_RECEPTOR_INTERACTION	lisa_dictionary_core@1.0.0	f24b5bd8d9ac66b6d64c1a91c56ab567aa64a37f05dee5ce0ed3011b2bed8994	0914c2d2e40369041a2313e913898f9c8e4065779e3973b076b70ea473045736	d61fcb2e1d40d0448d459daaab952975477203bb00b76cb53145aea8f61333b1	verified_exact_membership
GOBP-C2	MICROENVIRONMENT_VASCULAR_ECM	Microenvironment, vascular and ECM	13	Groups extracellular-matrix remodeling, vascular, angiogenic and lymphatic programs in the tissue microenvironment.	VASCULAR_LYMPHATIC	Vascular, angiogenic and lymphatic biology	2	Groups biological-process and curated C2 gene sets describing vascular, angiogenic and lymphatic biology.	151	3	WP_ANGIOGENESIS	GOBP_VASCULOGENESIS	GOBP_REGULATION_OF_VASCULOGENESIS	lisa_dictionary_core@1.0.0	f24b5bd8d9ac66b6d64c1a91c56ab567aa64a37f05dee5ce0ed3011b2bed8994	0914c2d2e40369041a2313e913898f9c8e4065779e3973b076b70ea473045736	d61fcb2e1d40d0448d459daaab952975477203bb00b76cb53145aea8f61333b1	verified_exact_membership
GOBP-C2	PROLIFERATION_CELL_CYCLE	Proliferation and cell cycle	16	Groups programs governing DNA replication, mitosis and cell proliferation.	CELL_CYCLE_PROLIFERATION	Cell cycle and proliferation	1	Groups biological-process and curated C2 gene sets describing cell cycle and proliferation.	555	3	WP_CELL_CYCLE	GOBP_CELL_CYCLE	KEGG_CELL_CYCLE	lisa_dictionary_core@1.0.0	f24b5bd8d9ac66b6d64c1a91c56ab567aa64a37f05dee5ce0ed3011b2bed8994	0914c2d2e40369041a2313e913898f9c8e4065779e3973b076b70ea473045736	d61fcb2e1d40d0448d459daaab952975477203bb00b76cb53145aea8f61333b1	verified_exact_membership
GOBP-C2	SIGNALING_COMMUNICATION	Signaling and cell communication	20	Groups broad growth-factor, hormonal and developmental pathways used for intercellular communication.	SIGNALING_CORE	Core cell signaling	1	Groups biological-process and curated C2 gene sets describing core cell signaling.	714	3	GOBP_CELL_CELL_SIGNALING	GOBP_CELL_ACTIVATION	GOBP_NEGATIVE_REGULATION_OF_CELL_COMMUNICATION	lisa_dictionary_core@1.0.0	f24b5bd8d9ac66b6d64c1a91c56ab567aa64a37f05dee5ce0ed3011b2bed8994	0914c2d2e40369041a2313e913898f9c8e4065779e3973b076b70ea473045736	d61fcb2e1d40d0448d459daaab952975477203bb00b76cb53145aea8f61333b1	verified_exact_membership
GOBP-C2	SIGNALING_COMMUNICATION	Signaling and cell communication	20	Groups broad growth-factor, hormonal and developmental pathways used for intercellular communication.	ENDOCRINE_HORMONAL	Endocrine and hormonal pathways	2	Groups biological-process and curated C2 gene sets describing endocrine and hormonal pathways.	497	3	GOBP_ENDOCRINE_HORMONE_SECRETION	GOBP_ENDOCRINE_PROCESS	GOBP_REGULATION_OF_ENDOCRINE_PROCESS	lisa_dictionary_core@1.0.0	f24b5bd8d9ac66b6d64c1a91c56ab567aa64a37f05dee5ce0ed3011b2bed8994	0914c2d2e40369041a2313e913898f9c8e4065779e3973b076b70ea473045736	d61fcb2e1d40d0448d459daaab952975477203bb00b76cb53145aea8f61333b1	verified_exact_membership
GOBP-C2	SIGNALING_COMMUNICATION	Signaling and cell communication	20	Groups broad growth-factor, hormonal and developmental pathways used for intercellular communication.	GROWTH_FACTOR_RTK	Growth factor and RTK pathways	3	Groups biological-process and curated C2 gene sets describing growth factor and RTK pathways.	412	3	GOBP_RESPONSE_TO_GROWTH_FACTOR	GOBP_NERVE_GROWTH_FACTOR_SIGNALING_PATHWAY	GOBP_GROWTH	lisa_dictionary_core@1.0.0	f24b5bd8d9ac66b6d64c1a91c56ab567aa64a37f05dee5ce0ed3011b2bed8994	0914c2d2e40369041a2313e913898f9c8e4065779e3973b076b70ea473045736	d61fcb2e1d40d0448d459daaab952975477203bb00b76cb53145aea8f61333b1	verified_exact_membership
GOBP-C2	SIGNALING_COMMUNICATION	Signaling and cell communication	20	Groups broad growth-factor, hormonal and developmental pathways used for intercellular communication.	TGFB_SMAD	TGF-beta and SMAD signaling	4	Groups biological-process and curated C2 gene sets describing TGF-beta and SMAD signaling.	129	3	KEGG_TGF_BETA_SIGNALING_PATHWAY	REACTOME_TGFBR3_REGULATES_TGF_BETA_SIGNALING	KEGG_MEDICUS_REFERENCE_TGF_BETA_SIGNALING_PATHWAY	lisa_dictionary_core@1.0.0	f24b5bd8d9ac66b6d64c1a91c56ab567aa64a37f05dee5ce0ed3011b2bed8994	0914c2d2e40369041a2313e913898f9c8e4065779e3973b076b70ea473045736	d61fcb2e1d40d0448d459daaab952975477203bb00b76cb53145aea8f61333b1	verified_exact_membership
GOBP-C2	SIGNALING_COMMUNICATION	Signaling and cell communication	20	Groups broad growth-factor, hormonal and developmental pathways used for intercellular communication.	WNT_NOTCH_HEDGEHOG_HIPPO	Wnt, Notch, Hedgehog and Hippo	5	Groups biological-process and curated C2 gene sets describing Wnt, Notch, hedgehog and Hippo.	263	3	WNT_SIGNALING	WP_WNT_SIGNALING	PID_NOTCH_PATHWAY	lisa_dictionary_core@1.0.0	f24b5bd8d9ac66b6d64c1a91c56ab567aa64a37f05dee5ce0ed3011b2bed8994	0914c2d2e40369041a2313e913898f9c8e4065779e3973b076b70ea473045736	d61fcb2e1d40d0448d459daaab952975477203bb00b76cb53145aea8f61333b1	verified_exact_membership
GOBP-C2	STRESS_DEATH_PROTEOSTASIS	Stress, proteostasis and cell death	22	Groups stress adaptation, autophagy, proteostasis and regulated cell-death programs.	APOPTOSIS_CELL_DEATH	Apoptosis and regulated cell death	1	Groups biological-process and curated C2 gene sets describing apoptosis and regulated cell death.	321	3	SA_PROGRAMMED_CELL_DEATH	GOBP_PYROPTOTIC_CELL_DEATH	GOBP_B_CELL_APOPTOTIC_PROCESS	lisa_dictionary_core@1.0.0	f24b5bd8d9ac66b6d64c1a91c56ab567aa64a37f05dee5ce0ed3011b2bed8994	0914c2d2e40369041a2313e913898f9c8e4065779e3973b076b70ea473045736	d61fcb2e1d40d0448d459daaab952975477203bb00b76cb53145aea8f61333b1	verified_exact_membership
GOBP-C2	STRESS_DEATH_PROTEOSTASIS	Stress, proteostasis and cell death	22	Groups stress adaptation, autophagy, proteostasis and regulated cell-death programs.	AUTOPHAGY_LYSOSOME	Autophagy, lysosome and phagosome maturation	2	Groups biological-process and curated C2 gene sets describing autophagy, lysosome and phagosome maturation.	154	3	GOBP_PHAGOSOME_MATURATION	GOBP_AUTOPHAGOSOME_MATURATION	GOBP_REGULATION_OF_AUTOPHAGOSOME_MATURATION	lisa_dictionary_core@1.0.0	f24b5bd8d9ac66b6d64c1a91c56ab567aa64a37f05dee5ce0ed3011b2bed8994	0914c2d2e40369041a2313e913898f9c8e4065779e3973b076b70ea473045736	d61fcb2e1d40d0448d459daaab952975477203bb00b76cb53145aea8f61333b1	verified_exact_membership
GOBP-C2	STRESS_DEATH_PROTEOSTASIS	Stress, proteostasis and cell death	22	Groups stress adaptation, autophagy, proteostasis and regulated cell-death programs.	ER_STRESS_UPR	ER stress and unfolded protein response	3	Groups biological-process and curated C2 gene sets describing ER stress and unfolded protein response.	48	3	WP_UNFOLDED_PROTEIN_RESPONSE	REACTOME_UNFOLDED_PROTEIN_RESPONSE_UPR	GOBP_CELLULAR_RESPONSE_TO_UNFOLDED_PROTEIN	lisa_dictionary_core@1.0.0	f24b5bd8d9ac66b6d64c1a91c56ab567aa64a37f05dee5ce0ed3011b2bed8994	0914c2d2e40369041a2313e913898f9c8e4065779e3973b076b70ea473045736	d61fcb2e1d40d0448d459daaab952975477203bb00b76cb53145aea8f61333b1	verified_exact_membership
GOBP-C2	STRESS_DEATH_PROTEOSTASIS	Stress, proteostasis and cell death	22	Groups stress adaptation, autophagy, proteostasis and regulated cell-death programs.	HEAT_SHOCK_STRESS_RESPONSE	Heat shock and acute stress response	4	Groups biological-process and curated C2 gene sets describing heat shock and acute stress response.	17	2	REACTOME_CELLULAR_RESPONSE_TO_HEAT_STRESS	REACTOME_REGULATION_OF_HSF1_MEDIATED_HEAT_SHOCK_RESPONSE		lisa_dictionary_core@1.0.0	f24b5bd8d9ac66b6d64c1a91c56ab567aa64a37f05dee5ce0ed3011b2bed8994	0914c2d2e40369041a2313e913898f9c8e4065779e3973b076b70ea473045736	d61fcb2e1d40d0448d459daaab952975477203bb00b76cb53145aea8f61333b1	verified_exact_membership
GOBP-C2	STRESS_DEATH_PROTEOSTASIS	Stress, proteostasis and cell death	22	Groups stress adaptation, autophagy, proteostasis and regulated cell-death programs.	HYPOXIA_HIF	Hypoxia and HIF programs	5	Groups biological-process and curated C2 gene sets describing hypoxia and HIF programs.	31	3	BIOCARTA_HIF_PATHWAY	REACTOME_CELLULAR_RESPONSE_TO_HYPOXIA	GOBP_REGULATION_OF_CELLULAR_RESPONSE_TO_HYPOXIA	lisa_dictionary_core@1.0.0	f24b5bd8d9ac66b6d64c1a91c56ab567aa64a37f05dee5ce0ed3011b2bed8994	0914c2d2e40369041a2313e913898f9c8e4065779e3973b076b70ea473045736	d61fcb2e1d40d0448d459daaab952975477203bb00b76cb53145aea8f61333b1	verified_exact_membership
GOBP-C2	STRESS_DEATH_PROTEOSTASIS	Stress, proteostasis and cell death	22	Groups stress adaptation, autophagy, proteostasis and regulated cell-death programs.	OXIDATIVE_STRESS_REDOX_ROS	Oxidative stress, redox and ROS	6	Groups biological-process and curated C2 gene sets describing oxidative stress, redox and ROS.	116	3	WP_OXIDATIVE_STRESS_RESPONSE	GOBP_RESPONSE_TO_OXIDATIVE_STRESS	GOBP_REGULATION_OF_RESPONSE_TO_OXIDATIVE_STRESS	lisa_dictionary_core@1.0.0	f24b5bd8d9ac66b6d64c1a91c56ab567aa64a37f05dee5ce0ed3011b2bed8994	0914c2d2e40369041a2313e913898f9c8e4065779e3973b076b70ea473045736	d61fcb2e1d40d0448d459daaab952975477203bb00b76cb53145aea8f61333b1	verified_exact_membership
GOBP-C2	STRESS_DEATH_PROTEOSTASIS	Stress, proteostasis and cell death	22	Groups stress adaptation, autophagy, proteostasis and regulated cell-death programs.	PROTEOSTASIS_UBIQUITIN_PROTEASOME	Proteostasis, ubiquitin and proteasome	7	Groups biological-process and curated C2 gene sets describing proteostasis, ubiquitin and proteasome.	214	3	KEGG_UBIQUITIN_MEDIATED_PROTEOLYSIS	KEGG_PROTEASOME	GOBP_PROTEOLYSIS	lisa_dictionary_core@1.0.0	f24b5bd8d9ac66b6d64c1a91c56ab567aa64a37f05dee5ce0ed3011b2bed8994	0914c2d2e40369041a2313e913898f9c8e4065779e3973b076b70ea473045736	d61fcb2e1d40d0448d459daaab952975477203bb00b76cb53145aea8f61333b1	verified_exact_membership
GOBP-C2	STRUCTURE_MOTILITY_PLASTICITY	Structure, motility and plasticity	24	Groups adhesion, polarity, cytoskeletal, migratory and cell-state-plasticity programs.	ADHESION_JUNCTION_POLARITY	Adhesion, junctions and polarity	1	Groups biological-process and curated C2 gene sets describing adhesion, junctions and polarity.	260	3	KEGG_GAP_JUNCTION	WP_FOCAL_ADHESION	GOBP_CELL_ADHESION	lisa_dictionary_core@1.0.0	f24b5bd8d9ac66b6d64c1a91c56ab567aa64a37f05dee5ce0ed3011b2bed8994	0914c2d2e40369041a2313e913898f9c8e4065779e3973b076b70ea473045736	d61fcb2e1d40d0448d459daaab952975477203bb00b76cb53145aea8f61333b1	verified_exact_membership
GOBP-C2	STRUCTURE_MOTILITY_PLASTICITY	Structure, motility and plasticity	24	Groups adhesion, polarity, cytoskeletal, migratory and cell-state-plasticity programs.	CYTOSKELETON_CONTRACTILITY	Cytoskeleton and contractility	2	Groups biological-process and curated C2 gene sets describing cytoskeleton and contractility.	419	3	GOBP_MUSCLE_CONTRACTION	REACTOME_MUSCLE_CONTRACTION	GOBP_CYTOSKELETON_ORGANIZATION	lisa_dictionary_core@1.0.0	f24b5bd8d9ac66b6d64c1a91c56ab567aa64a37f05dee5ce0ed3011b2bed8994	0914c2d2e40369041a2313e913898f9c8e4065779e3973b076b70ea473045736	d61fcb2e1d40d0448d459daaab952975477203bb00b76cb53145aea8f61333b1	verified_exact_membership
GOBP-C2	STRUCTURE_MOTILITY_PLASTICITY	Structure, motility and plasticity	24	Groups adhesion, polarity, cytoskeletal, migratory and cell-state-plasticity programs.	EMT_PLASTICITY	EMT and cell-state plasticity	3	Groups biological-process and curated C2 gene sets describing EMT and cell-state plasticity.	34	3	GOBP_MESENCHYMAL_CELL_MIGRATION	GOBP_MESENCHYMAL_CELL_DIFFERENTIATION	GOBP_NEURAL_CREST_CELL_DIFFERENTIATION	lisa_dictionary_core@1.0.0	f24b5bd8d9ac66b6d64c1a91c56ab567aa64a37f05dee5ce0ed3011b2bed8994	0914c2d2e40369041a2313e913898f9c8e4065779e3973b076b70ea473045736	d61fcb2e1d40d0448d459daaab952975477203bb00b76cb53145aea8f61333b1	verified_exact_membership
GOBP-C2	STRUCTURE_MOTILITY_PLASTICITY	Structure, motility and plasticity	24	Groups adhesion, polarity, cytoskeletal, migratory and cell-state-plasticity programs.	MIGRATION_INVASION	Migration, invasion and motility programs	4	Groups biological-process and curated C2 gene sets describing migration, invasion and motility programs.	215	3	GOBP_CELL_MOTILITY	GOBP_CELL_MIGRATION	GOBP_NEURON_MIGRATION	lisa_dictionary_core@1.0.0	f24b5bd8d9ac66b6d64c1a91c56ab567aa64a37f05dee5ce0ed3011b2bed8994	0914c2d2e40369041a2313e913898f9c8e4065779e3973b076b70ea473045736	d61fcb2e1d40d0448d459daaab952975477203bb00b76cb53145aea8f61333b1	verified_exact_membership
GOBP-C2	TRANSPORT_TRAFFICKING_HOMEOSTASIS	Transport, trafficking and homeostasis	25	Groups membrane transport, localization, vesicle traffic and ionic homeostasis programs.	ION_TRANSPORT_HOMEOSTASIS	Ion transport and homeostasis	1	Groups biological-process and curated C2 gene sets describing ion transport and homeostasis.	382	3	REACTOME_ION_HOMEOSTASIS	GOBP_IRON_ION_TRANSPORT	GOBP_ZINC_ION_TRANSPORT	lisa_dictionary_core@1.0.0	f24b5bd8d9ac66b6d64c1a91c56ab567aa64a37f05dee5ce0ed3011b2bed8994	0914c2d2e40369041a2313e913898f9c8e4065779e3973b076b70ea473045736	d61fcb2e1d40d0448d459daaab952975477203bb00b76cb53145aea8f61333b1	verified_exact_membership
GOBP-C2	TRANSPORT_TRAFFICKING_HOMEOSTASIS	Transport, trafficking and homeostasis	25	Groups membrane transport, localization, vesicle traffic and ionic homeostasis programs.	TRANSPORT_LOCALIZATION	Transport and localization	2	Groups biological-process and curated C2 gene sets describing transport and localization.	418	3	GOBP_REGULATION_OF_TRANSPORT	GOBP_ADP_TRANSPORT	GOBP_ATP_TRANSPORT	lisa_dictionary_core@1.0.0	f24b5bd8d9ac66b6d64c1a91c56ab567aa64a37f05dee5ce0ed3011b2bed8994	0914c2d2e40369041a2313e913898f9c8e4065779e3973b076b70ea473045736	d61fcb2e1d40d0448d459daaab952975477203bb00b76cb53145aea8f61333b1	verified_exact_membership
GOBP-C2	TRANSPORT_TRAFFICKING_HOMEOSTASIS	Transport, trafficking and homeostasis	25	Groups membrane transport, localization, vesicle traffic and ionic homeostasis programs.	VESICLE_SECRETORY_TRAFFICKING	Vesicle, endocytosis, exocytosis and secretion	3	Groups biological-process and curated C2 gene sets describing vesicle, endocytosis, exocytosis and secretion.	373	3	GOBP_SYNAPTIC_VESICLE_EXOCYTOSIS	GOBP_ACROSOMAL_VESICLE_EXOCYTOSIS	GOBP_REGULATION_OF_SYNAPTIC_VESICLE_EXOCYTOSIS	lisa_dictionary_core@1.0.0	f24b5bd8d9ac66b6d64c1a91c56ab567aa64a37f05dee5ce0ed3011b2bed8994	0914c2d2e40369041a2313e913898f9c8e4065779e3973b076b70ea473045736	d61fcb2e1d40d0448d459daaab952975477203bb00b76cb53145aea8f61333b1	verified_exact_membership
GOMF	MF_CATALYTIC_METABOLIC	Catalytic and metabolic enzyme functions	1	Groups molecular functions carried out by metabolic, redox, detoxification and other catalytic enzymes.	MF_AMINO_ACID_METAB	Amino-acid metabolic enzyme activity	1	Groups Gene Ontology molecular-function gene sets describing amino-acid metabolic enzyme activity.	7	2	GOMF_ACID_AMINO_ACID_LIGASE_ACTIVITY	GOMF_L_AMINO_ACID_N_ACETYLTRANSFERASE_ACTIVITY		lisa_dictionary_core@1.0.0	f24b5bd8d9ac66b6d64c1a91c56ab567aa64a37f05dee5ce0ed3011b2bed8994	0914c2d2e40369041a2313e913898f9c8e4065779e3973b076b70ea473045736	d61fcb2e1d40d0448d459daaab952975477203bb00b76cb53145aea8f61333b1	verified_exact_membership
GOMF	MF_CATALYTIC_METABOLIC	Catalytic and metabolic enzyme functions	1	Groups molecular functions carried out by metabolic, redox, detoxification and other catalytic enzymes.	MF_ANTIOX_REDOX	Antioxidant and redox activity	2	Groups Gene Ontology molecular-function gene sets describing antioxidant and redox activity.	54	3	GOMF_ANTIOXIDANT_ACTIVITY	GOMF_PEROXIREDOXIN_ACTIVITY	GOMF_THIOL_OXIDASE_ACTIVITY	lisa_dictionary_core@1.0.0	f24b5bd8d9ac66b6d64c1a91c56ab567aa64a37f05dee5ce0ed3011b2bed8994	0914c2d2e40369041a2313e913898f9c8e4065779e3973b076b70ea473045736	d61fcb2e1d40d0448d459daaab952975477203bb00b76cb53145aea8f61333b1	verified_exact_membership
GOMF	MF_CATALYTIC_METABOLIC	Catalytic and metabolic enzyme functions	1	Groups molecular functions carried out by metabolic, redox, detoxification and other catalytic enzymes.	MF_CARBOHYDRATE_METAB	Carbohydrate metabolic enzyme activity	3	Groups Gene Ontology molecular-function gene sets describing carbohydrate metabolic enzyme activity.	58	3	GOMF_CARBOHYDRATE_KINASE_ACTIVITY	GOMF_CARBOHYDRATE_PHOSPHATASE_ACTIVITY	GOMF_RACEMASE_AND_EPIMERASE_ACTIVITY_ACTING_ON_CARBOHYDRATES_AND_DERIVATIVES	lisa_dictionary_core@1.0.0	f24b5bd8d9ac66b6d64c1a91c56ab567aa64a37f05dee5ce0ed3011b2bed8994	0914c2d2e40369041a2313e913898f9c8e4065779e3973b076b70ea473045736	d61fcb2e1d40d0448d459daaab952975477203bb00b76cb53145aea8f61333b1	verified_exact_membership
GOMF	MF_CATALYTIC_METABOLIC	Catalytic and metabolic enzyme functions	1	Groups molecular functions carried out by metabolic, redox, detoxification and other catalytic enzymes.	MF_DETOX_XENOBIOTIC	Detoxification and xenobiotic activity	4	Groups Gene Ontology molecular-function gene sets describing detoxification and xenobiotic activity.	6	2	GOMF_ARYL_SULFOTRANSFERASE_ACTIVITY	GOMF_ESTROGEN_2_HYDROXYLASE_ACTIVITY		lisa_dictionary_core@1.0.0	f24b5bd8d9ac66b6d64c1a91c56ab567aa64a37f05dee5ce0ed3011b2bed8994	0914c2d2e40369041a2313e913898f9c8e4065779e3973b076b70ea473045736	d61fcb2e1d40d0448d459daaab952975477203bb00b76cb53145aea8f61333b1	verified_exact_membership
GOMF	MF_CATALYTIC_METABOLIC	Catalytic and metabolic enzyme functions	1	Groups molecular functions carried out by metabolic, redox, detoxification and other catalytic enzymes.	MF_CATALYTIC	General catalytic activity	5	Groups Gene Ontology molecular-function gene sets describing general catalytic activity.	134	3	GOMF_CATALYTIC_ACTIVITY_ACTING_ON_DNA	GOMF_CATALYTIC_ACTIVITY_ACTING_ON_RNA	GOMF_CATALYTIC_ACTIVITY_ACTING_ON_A_RRNA	lisa_dictionary_core@1.0.0	f24b5bd8d9ac66b6d64c1a91c56ab567aa64a37f05dee5ce0ed3011b2bed8994	0914c2d2e40369041a2313e913898f9c8e4065779e3973b076b70ea473045736	d61fcb2e1d40d0448d459daaab952975477203bb00b76cb53145aea8f61333b1	verified_exact_membership
GOMF	MF_CATALYTIC_METABOLIC	Catalytic and metabolic enzyme functions	1	Groups molecular functions carried out by metabolic, redox, detoxification and other catalytic enzymes.	MF_METABOLIC_ENZ	General metabolic enzyme activity	6	Groups Gene Ontology molecular-function gene sets describing general metabolic enzyme activity.	23	3	GOMF_COA_TRANSFERASE_ACTIVITY	GOMF_SULFOTRANSFERASE_ACTIVITY	GOMF_SULFURTRANSFERASE_ACTIVITY	lisa_dictionary_core@1.0.0	f24b5bd8d9ac66b6d64c1a91c56ab567aa64a37f05dee5ce0ed3011b2bed8994	0914c2d2e40369041a2313e913898f9c8e4065779e3973b076b70ea473045736	d61fcb2e1d40d0448d459daaab952975477203bb00b76cb53145aea8f61333b1	verified_exact_membership
GOMF	MF_CATALYTIC_METABOLIC	Catalytic and metabolic enzyme functions	1	Groups molecular functions carried out by metabolic, redox, detoxification and other catalytic enzymes.	MF_LIPID_METAB	Lipid metabolic enzyme activity	7	Groups Gene Ontology molecular-function gene sets describing lipid metabolic enzyme activity.	86	3	GOMF_LIPASE_ACTIVITY	GOMF_DEACYLASE_ACTIVITY	GOMF_COA_LIGASE_ACTIVITY	lisa_dictionary_core@1.0.0	f24b5bd8d9ac66b6d64c1a91c56ab567aa64a37f05dee5ce0ed3011b2bed8994	0914c2d2e40369041a2313e913898f9c8e4065779e3973b076b70ea473045736	d61fcb2e1d40d0448d459daaab952975477203bb00b76cb53145aea8f61333b1	verified_exact_membership
GOMF	MF_CELL_CYCLE_DEVELOPMENT	Cell-cycle and developmental regulatory functions	3	Groups molecular regulators of cell-cycle progression, differentiation and developmental decisions.	MF_CELL_CYCLE_REG	Cell-cycle regulatory activity	1	Groups Gene Ontology molecular-function gene sets describing cell-cycle regulatory activity.	3	1	GOMF_CYCLIN_DEPENDENT_PROTEIN_KINASE_REGULATOR_ACTIVITY			lisa_dictionary_core@1.0.0	f24b5bd8d9ac66b6d64c1a91c56ab567aa64a37f05dee5ce0ed3011b2bed8994	0914c2d2e40369041a2313e913898f9c8e4065779e3973b076b70ea473045736	d61fcb2e1d40d0448d459daaab952975477203bb00b76cb53145aea8f61333b1	verified_exact_membership
GOMF	MF_CELL_CYCLE_DEVELOPMENT	Cell-cycle and developmental regulatory functions	3	Groups molecular regulators of cell-cycle progression, differentiation and developmental decisions.	MF_DEVELOPMENT_REG	Developmental regulator activity	2	Groups Gene Ontology molecular-function gene sets describing developmental regulator activity.	1	1	GOMF_MORPHOGEN_ACTIVITY			lisa_dictionary_core@1.0.0	f24b5bd8d9ac66b6d64c1a91c56ab567aa64a37f05dee5ce0ed3011b2bed8994	0914c2d2e40369041a2313e913898f9c8e4065779e3973b076b70ea473045736	d61fcb2e1d40d0448d459daaab952975477203bb00b76cb53145aea8f61333b1	verified_exact_membership
GOMF	MF_GENE_EXPRESSION	Gene-expression molecular functions	5	Groups chromatin, transcription, RNA-processing and translation-related molecular functions.	MF_EPIGENETIC	Epigenetic and chromatin activity	1	Groups Gene Ontology molecular-function gene sets describing epigenetic and chromatin activity.	73	3	GOMF_CHROMATIN_DNA_BINDING	GOMF_CHROMATIN_PROTEIN_ADAPTOR_ACTIVITY	GOMF_PROMOTER_SPECIFIC_CHROMATIN_BINDING	lisa_dictionary_core@1.0.0	f24b5bd8d9ac66b6d64c1a91c56ab567aa64a37f05dee5ce0ed3011b2bed8994	0914c2d2e40369041a2313e913898f9c8e4065779e3973b076b70ea473045736	d61fcb2e1d40d0448d459daaab952975477203bb00b76cb53145aea8f61333b1	verified_exact_membership
GOMF	MF_GENE_EXPRESSION	Gene-expression molecular functions	5	Groups chromatin, transcription, RNA-processing and translation-related molecular functions.	MF_RNA_PROCESSING	RNA processing activity	2	Groups Gene Ontology molecular-function gene sets describing RNA processing activity.	47	3	GOMF_RNA_NUCLEASE_ACTIVITY	GOMF_RNA_POLYMERASE_ACTIVITY	GOMF_RNA_EXONUCLEASE_ACTIVITY	lisa_dictionary_core@1.0.0	f24b5bd8d9ac66b6d64c1a91c56ab567aa64a37f05dee5ce0ed3011b2bed8994	0914c2d2e40369041a2313e913898f9c8e4065779e3973b076b70ea473045736	d61fcb2e1d40d0448d459daaab952975477203bb00b76cb53145aea8f61333b1	verified_exact_membership
GOMF	MF_GENE_EXPRESSION	Gene-expression molecular functions	5	Groups chromatin, transcription, RNA-processing and translation-related molecular functions.	MF_TRANSCRIPTION_REG	Transcription regulation activity	3	Groups Gene Ontology molecular-function gene sets describing transcription regulation activity.	41	3	GOMF_TRANSCRIPTION_REGULATOR_ACTIVITY	GOMF_TRANSCRIPTION_COACTIVATOR_ACTIVITY	GOMF_TRANSCRIPTION_COREGULATOR_ACTIVITY	lisa_dictionary_core@1.0.0	f24b5bd8d9ac66b6d64c1a91c56ab567aa64a37f05dee5ce0ed3011b2bed8994	0914c2d2e40369041a2313e913898f9c8e4065779e3973b076b70ea473045736	d61fcb2e1d40d0448d459daaab952975477203bb00b76cb53145aea8f61333b1	verified_exact_membership
GOMF	MF_GENE_EXPRESSION	Gene-expression molecular functions	5	Groups chromatin, transcription, RNA-processing and translation-related molecular functions.	MF_TRANSLATION_REG	Translation regulation activity	4	Groups Gene Ontology molecular-function gene sets describing translation regulation activity.	9	2	GOMF_TRANSLATION_FACTOR_ACTIVITY	GOMF_TRANSLATION_ACTIVATOR_ACTIVITY		lisa_dictionary_core@1.0.0	f24b5bd8d9ac66b6d64c1a91c56ab567aa64a37f05dee5ce0ed3011b2bed8994	0914c2d2e40369041a2313e913898f9c8e4065779e3973b076b70ea473045736	d61fcb2e1d40d0448d459daaab952975477203bb00b76cb53145aea8f61333b1	verified_exact_membership
GOMF	MF_GENERIC_OTHER	Generic or host-interaction functions	6	Groups broad binding or host-interaction molecular functions that do not fit a more specific functional class.	MF_BINDING	Binding activity	1	Groups Gene Ontology molecular-function gene sets describing binding activity.	525	3	GOMF_ADP_BINDING	GOMF_AMP_BINDING	GOMF_BMP_BINDING	lisa_dictionary_core@1.0.0	f24b5bd8d9ac66b6d64c1a91c56ab567aa64a37f05dee5ce0ed3011b2bed8994	0914c2d2e40369041a2313e913898f9c8e4065779e3973b076b70ea473045736	d61fcb2e1d40d0448d459daaab952975477203bb00b76cb53145aea8f61333b1	verified_exact_membership
GOMF	MF_GENERIC_OTHER	Generic or host-interaction functions	6	Groups broad binding or host-interaction molecular functions that do not fit a more specific functional class.	MF_VIRAL_HOST	Viral-host molecular function	2	Groups Gene Ontology molecular-function gene sets describing viral-host molecular function.	1	1	GOMF_VIRION_BINDING			lisa_dictionary_core@1.0.0	f24b5bd8d9ac66b6d64c1a91c56ab567aa64a37f05dee5ce0ed3011b2bed8994	0914c2d2e40369041a2313e913898f9c8e4065779e3973b076b70ea473045736	d61fcb2e1d40d0448d459daaab952975477203bb00b76cb53145aea8f61333b1	verified_exact_membership
GOMF	MF_IMMUNE_LIGAND_RECEPTOR	Immune, ligand and receptor functions	10	Groups immune recognition, complement, receptor and extracellular ligand molecular functions.	MF_COMPLEMENT	Complement molecular function	1	Groups Gene Ontology molecular-function gene sets describing complement molecular function.	3	1	GOMF_COMPLEMENT_BINDING			lisa_dictionary_core@1.0.0	f24b5bd8d9ac66b6d64c1a91c56ab567aa64a37f05dee5ce0ed3011b2bed8994	0914c2d2e40369041a2313e913898f9c8e4065779e3973b076b70ea473045736	d61fcb2e1d40d0448d459daaab952975477203bb00b76cb53145aea8f61333b1	verified_exact_membership
GOMF	MF_IMMUNE_LIGAND_RECEPTOR	Immune, ligand and receptor functions	10	Groups immune recognition, complement, receptor and extracellular ligand molecular functions.	MF_CYTOKINE_GROWTH	Cytokine, chemokine, growth-factor and hormone ligand activity	2	Groups Gene Ontology molecular-function gene sets describing cytokine, chemokine, growth-factor and hormone ligand activity.	12	2	GOMF_GROWTH_FACTOR_ACTIVITY	GOMF_HORMONE_ACTIVITY		lisa_dictionary_core@1.0.0	f24b5bd8d9ac66b6d64c1a91c56ab567aa64a37f05dee5ce0ed3011b2bed8994	0914c2d2e40369041a2313e913898f9c8e4065779e3973b076b70ea473045736	d61fcb2e1d40d0448d459daaab952975477203bb00b76cb53145aea8f61333b1	verified_exact_membership
GOMF	MF_IMMUNE_LIGAND_RECEPTOR	Immune, ligand and receptor functions	10	Groups immune recognition, complement, receptor and extracellular ligand molecular functions.	MF_IMMUNE_RECEPTOR	Immune receptor and antigen-recognition activity	3	Groups Gene Ontology molecular-function gene sets describing immune receptor and antigen-recognition activity.	38	3	GOMF_IMMUNE_RECEPTOR_ACTIVITY	GOMF_PATTERN_RECOGNITION_RECEPTOR_ACTIVITY	GOMF_PEPTIDOGLYCAN_IMMUNE_RECEPTOR_ACTIVITY	lisa_dictionary_core@1.0.0	f24b5bd8d9ac66b6d64c1a91c56ab567aa64a37f05dee5ce0ed3011b2bed8994	0914c2d2e40369041a2313e913898f9c8e4065779e3973b076b70ea473045736	d61fcb2e1d40d0448d459daaab952975477203bb00b76cb53145aea8f61333b1	verified_exact_membership
GOMF	MF_PROTEOSTASIS_STRESS_DEATH	Proteostasis, stress and cell-death functions	18	Groups molecular functions involved in proteostasis, stress responses, proteolysis and regulated cell death.	MF_APOPTOSIS_REG	Apoptosis and cell-death regulatory activity	1	Groups Gene Ontology molecular-function gene sets describing apoptosis and cell-death regulatory activity.	3	1	GOMF_DEATH_RECEPTOR_ACTIVITY			lisa_dictionary_core@1.0.0	f24b5bd8d9ac66b6d64c1a91c56ab567aa64a37f05dee5ce0ed3011b2bed8994	0914c2d2e40369041a2313e913898f9c8e4065779e3973b076b70ea473045736	d61fcb2e1d40d0448d459daaab952975477203bb00b76cb53145aea8f61333b1	verified_exact_membership
GOMF	MF_PROTEOSTASIS_STRESS_DEATH	Proteostasis, stress and cell-death functions	18	Groups molecular functions involved in proteostasis, stress responses, proteolysis and regulated cell death.	MF_PROTEASE_INHIB	Protease and protease inhibitor activity	2	Groups Gene Ontology molecular-function gene sets describing protease and protease inhibitor activity.	40	3	GOMF_PEPTIDASE_INHIBITOR_ACTIVITY	GOMF_METALLOENDOPEPTIDASE_INHIBITOR_ACTIVITY	GOMF_MOLECULAR_FUNCTION_INHIBITOR_ACTIVITY	lisa_dictionary_core@1.0.0	f24b5bd8d9ac66b6d64c1a91c56ab567aa64a37f05dee5ce0ed3011b2bed8994	0914c2d2e40369041a2313e913898f9c8e4065779e3973b076b70ea473045736	d61fcb2e1d40d0448d459daaab952975477203bb00b76cb53145aea8f61333b1	verified_exact_membership
GOMF	MF_PROTEOSTASIS_STRESS_DEATH	Proteostasis, stress and cell-death functions	18	Groups molecular functions involved in proteostasis, stress responses, proteolysis and regulated cell death.	MF_PROTEIN_FOLDING_DEG	Protein folding and degradation activity	3	Groups Gene Ontology molecular-function gene sets describing protein folding and degradation activity.	11	2	GOMF_PROTEIN_FOLDING_CHAPERONE	GOMF_PROTEIN_FOLDING_CHAPERONE_BINDING		lisa_dictionary_core@1.0.0	f24b5bd8d9ac66b6d64c1a91c56ab567aa64a37f05dee5ce0ed3011b2bed8994	0914c2d2e40369041a2313e913898f9c8e4065779e3973b076b70ea473045736	d61fcb2e1d40d0448d459daaab952975477203bb00b76cb53145aea8f61333b1	verified_exact_membership
GOMF	MF_PROTEOSTASIS_STRESS_DEATH	Proteostasis, stress and cell-death functions	18	Groups molecular functions involved in proteostasis, stress responses, proteolysis and regulated cell death.	MF_STRESS_RESPONSE	Stress-response molecular activity	4	Groups Gene Ontology molecular-function gene sets describing stress-response molecular activity.	2	1	GOMF_HEAT_SHOCK_PROTEIN_BINDING			lisa_dictionary_core@1.0.0	f24b5bd8d9ac66b6d64c1a91c56ab567aa64a37f05dee5ce0ed3011b2bed8994	0914c2d2e40369041a2313e913898f9c8e4065779e3973b076b70ea473045736	d61fcb2e1d40d0448d459daaab952975477203bb00b76cb53145aea8f61333b1	verified_exact_membership
GOMF	MF_PROTEOSTASIS_STRESS_DEATH	Proteostasis, stress and cell-death functions	18	Groups molecular functions involved in proteostasis, stress responses, proteolysis and regulated cell death.	MF_LIGASE_SUMOYL	Ubiquitin and SUMO ligase activity	5	Groups Gene Ontology molecular-function gene sets describing ubiquitin and sumo ligase activity.	28	3	GOMF_SUMO_LIGASE_ACTIVITY	GOMF_UBIQUITIN_UBIQUITIN_LIGASE_ACTIVITY	GOMF_HISTONE_UBIQUITIN_LIGASE_ACTIVITY	lisa_dictionary_core@1.0.0	f24b5bd8d9ac66b6d64c1a91c56ab567aa64a37f05dee5ce0ed3011b2bed8994	0914c2d2e40369041a2313e913898f9c8e4065779e3973b076b70ea473045736	d61fcb2e1d40d0448d459daaab952975477203bb00b76cb53145aea8f61333b1	verified_exact_membership
GOMF	MF_SIGNALING_REGULATION	Signaling and regulatory functions	21	Groups receptors, kinases, phosphatases, adaptors and enzyme regulators that control signaling.	MF_ENZYME_REG	Enzyme regulator activity	1	Groups Gene Ontology molecular-function gene sets describing enzyme regulator activity.	59	3	GOMF_ENZYME_REGULATOR_ACTIVITY	GOMF_ATPASE_REGULATOR_ACTIVITY	GOMF_ENZYME_ACTIVATOR_ACTIVITY	lisa_dictionary_core@1.0.0	f24b5bd8d9ac66b6d64c1a91c56ab567aa64a37f05dee5ce0ed3011b2bed8994	0914c2d2e40369041a2313e913898f9c8e4065779e3973b076b70ea473045736	d61fcb2e1d40d0448d459daaab952975477203bb00b76cb53145aea8f61333b1	verified_exact_membership
GOMF	MF_SIGNALING_REGULATION	Signaling and regulatory functions	21	Groups receptors, kinases, phosphatases, adaptors and enzyme regulators that control signaling.	MF_SIGNALING	Intracellular signaling activity	2	Groups Gene Ontology molecular-function gene sets describing intracellular signaling activity.	12	2	GOMF_GTPASE_ACTIVITY	GOMF_G_PROTEIN_ACTIVITY		lisa_dictionary_core@1.0.0	f24b5bd8d9ac66b6d64c1a91c56ab567aa64a37f05dee5ce0ed3011b2bed8994	0914c2d2e40369041a2313e913898f9c8e4065779e3973b076b70ea473045736	d61fcb2e1d40d0448d459daaab952975477203bb00b76cb53145aea8f61333b1	verified_exact_membership
GOMF	MF_SIGNALING_REGULATION	Signaling and regulatory functions	21	Groups receptors, kinases, phosphatases, adaptors and enzyme regulators that control signaling.	MF_KINASE_PHOSPHATASE	Kinase and phosphatase activity	3	Groups Gene Ontology molecular-function gene sets describing kinase and phosphatase activity.	104	3	GOMF_PHOSPHATIDYLINOSITOL_KINASE_ACTIVITY	GOMF_MAP_KINASE_PHOSPHATASE_ACTIVITY	GOMF_INOSITOL_PHOSPHATE_KINASE_ACTIVITY	lisa_dictionary_core@1.0.0	f24b5bd8d9ac66b6d64c1a91c56ab567aa64a37f05dee5ce0ed3011b2bed8994	0914c2d2e40369041a2313e913898f9c8e4065779e3973b076b70ea473045736	d61fcb2e1d40d0448d459daaab952975477203bb00b76cb53145aea8f61333b1	verified_exact_membership
GOMF	MF_SIGNALING_REGULATION	Signaling and regulatory functions	21	Groups receptors, kinases, phosphatases, adaptors and enzyme regulators that control signaling.	MF_RECEPTOR	Receptor activity	4	Groups Gene Ontology molecular-function gene sets describing receptor activity.	122	3	GOMF_BMP_RECEPTOR_ACTIVITY	GOMF_WNT_RECEPTOR_ACTIVITY	GOMF_GABA_RECEPTOR_ACTIVITY	lisa_dictionary_core@1.0.0	f24b5bd8d9ac66b6d64c1a91c56ab567aa64a37f05dee5ce0ed3011b2bed8994	0914c2d2e40369041a2313e913898f9c8e4065779e3973b076b70ea473045736	d61fcb2e1d40d0448d459daaab952975477203bb00b76cb53145aea8f61333b1	verified_exact_membership
GOMF	MF_SIGNALING_REGULATION	Signaling and regulatory functions	21	Groups receptors, kinases, phosphatases, adaptors and enzyme regulators that control signaling.	MF_SCAFFOLD_ADAPTER	Scaffold and adaptor activity	5	Groups Gene Ontology molecular-function gene sets describing scaffold and adaptor activity.	16	2	GOMF_SIGNALING_ADAPTOR_ACTIVITY	GOMF_CARGO_ADAPTOR_ACTIVITY		lisa_dictionary_core@1.0.0	f24b5bd8d9ac66b6d64c1a91c56ab567aa64a37f05dee5ce0ed3011b2bed8994	0914c2d2e40369041a2313e913898f9c8e4065779e3973b076b70ea473045736	d61fcb2e1d40d0448d459daaab952975477203bb00b76cb53145aea8f61333b1	verified_exact_membership
GOMF	MF_STRUCTURE_ADHESION_ECM	Structure, adhesion and ECM functions	23	Groups structural, motor, adhesion and extracellular-matrix molecular functions.	MF_ADHESION	Adhesion molecular function	1	Groups Gene Ontology molecular-function gene sets describing adhesion molecular function.	12	2	GOMF_CELL_ADHESION_MOLECULE_BINDING	GOMF_CELL_ADHESION_MEDIATOR_ACTIVITY		lisa_dictionary_core@1.0.0	f24b5bd8d9ac66b6d64c1a91c56ab567aa64a37f05dee5ce0ed3011b2bed8994	0914c2d2e40369041a2313e913898f9c8e4065779e3973b076b70ea473045736	d61fcb2e1d40d0448d459daaab952975477203bb00b76cb53145aea8f61333b1	verified_exact_membership
GOMF	MF_STRUCTURE_ADHESION_ECM	Structure, adhesion and ECM functions	23	Groups structural, motor, adhesion and extracellular-matrix molecular functions.	MF_CYTOSKELETON_MOTOR	Cytoskeleton and motor activity	2	Groups Gene Ontology molecular-function gene sets describing cytoskeleton and motor activity.	13	2	GOMF_CYTOSKELETAL_MOTOR_ACTIVITY	GOMF_MICROTUBULE_MOTOR_ACTIVITY		lisa_dictionary_core@1.0.0	f24b5bd8d9ac66b6d64c1a91c56ab567aa64a37f05dee5ce0ed3011b2bed8994	0914c2d2e40369041a2313e913898f9c8e4065779e3973b076b70ea473045736	d61fcb2e1d40d0448d459daaab952975477203bb00b76cb53145aea8f61333b1	verified_exact_membership
GOMF	MF_STRUCTURE_ADHESION_ECM	Structure, adhesion and ECM functions	23	Groups structural, motor, adhesion and extracellular-matrix molecular functions.	MF_EXTRACELL_MATRIX	Extracellular matrix molecular function	3	Groups Gene Ontology molecular-function gene sets describing extracellular matrix molecular function.	13	2	GOMF_EXTRACELLULAR_MATRIX_BINDING	GOMF_EXTRACELLULAR_MATRIX_PROTEIN_BINDING		lisa_dictionary_core@1.0.0	f24b5bd8d9ac66b6d64c1a91c56ab567aa64a37f05dee5ce0ed3011b2bed8994	0914c2d2e40369041a2313e913898f9c8e4065779e3973b076b70ea473045736	d61fcb2e1d40d0448d459daaab952975477203bb00b76cb53145aea8f61333b1	verified_exact_membership
GOMF	MF_STRUCTURE_ADHESION_ECM	Structure, adhesion and ECM functions	23	Groups structural, motor, adhesion and extracellular-matrix molecular functions.	MF_STRUCTURAL_CONSTITUENT	Structural constituent activity	4	Groups Gene Ontology molecular-function gene sets describing structural constituent activity.	17	2	GOMF_STRUCTURAL_CONSTITUENT_OF_MUSCLE	GOMF_STRUCTURAL_CONSTITUENT_OF_SYNAPSE		lisa_dictionary_core@1.0.0	f24b5bd8d9ac66b6d64c1a91c56ab567aa64a37f05dee5ce0ed3011b2bed8994	0914c2d2e40369041a2313e913898f9c8e4065779e3973b076b70ea473045736	d61fcb2e1d40d0448d459daaab952975477203bb00b76cb53145aea8f61333b1	verified_exact_membership
GOMF	MF_TRANSPORT_SENSING	Transport, vesicle traffic and sensing functions	26	Groups channels, pumps, transporters, vesicle-trafficking factors and physicochemical sensors.	MF_ION_SENSING	Ion and physicochemical sensing activity	1	Groups Gene Ontology molecular-function gene sets describing ion and physicochemical sensing activity.	4	1	GOMF_METAL_ION_SENSOR_ACTIVITY			lisa_dictionary_core@1.0.0	f24b5bd8d9ac66b6d64c1a91c56ab567aa64a37f05dee5ce0ed3011b2bed8994	0914c2d2e40369041a2313e913898f9c8e4065779e3973b076b70ea473045736	d61fcb2e1d40d0448d459daaab952975477203bb00b76cb53145aea8f61333b1	verified_exact_membership
GOMF	MF_TRANSPORT_SENSING	Transport, vesicle traffic and sensing functions	26	Groups channels, pumps, transporters, vesicle-trafficking factors and physicochemical sensors.	MF_ION_CHANNEL_PUMP	Ion channel and pump activity	2	Groups Gene Ontology molecular-function gene sets describing ion channel and pump activity.	86	3	GOMF_ATP_GATED_ION_CHANNEL_ACTIVITY	GOMF_POTASSIUM_ION_LEAK_CHANNEL_ACTIVITY	GOMF_MONOATOMIC_ION_GATED_CHANNEL_ACTIVITY	lisa_dictionary_core@1.0.0	f24b5bd8d9ac66b6d64c1a91c56ab567aa64a37f05dee5ce0ed3011b2bed8994	0914c2d2e40369041a2313e913898f9c8e4065779e3973b076b70ea473045736	d61fcb2e1d40d0448d459daaab952975477203bb00b76cb53145aea8f61333b1	verified_exact_membership
GOMF	MF_TRANSPORT_SENSING	Transport, vesicle traffic and sensing functions	26	Groups channels, pumps, transporters, vesicle-trafficking factors and physicochemical sensors.	MF_OLFACTORY	Olfactory and taste receptor activity	3	Groups Gene Ontology molecular-function gene sets describing olfactory and taste receptor activity.	6	2	GOMF_TASTE_RECEPTOR_ACTIVITY	GOMF_OLFACTORY_RECEPTOR_ACTIVITY		lisa_dictionary_core@1.0.0	f24b5bd8d9ac66b6d64c1a91c56ab567aa64a37f05dee5ce0ed3011b2bed8994	0914c2d2e40369041a2313e913898f9c8e4065779e3973b076b70ea473045736	d61fcb2e1d40d0448d459daaab952975477203bb00b76cb53145aea8f61333b1	verified_exact_membership
GOMF	MF_TRANSPORT_SENSING	Transport, vesicle traffic and sensing functions	26	Groups channels, pumps, transporters, vesicle-trafficking factors and physicochemical sensors.	MF_TRANSPORTER	Transporter activity	4	Groups Gene Ontology molecular-function gene sets describing transporter activity.	188	3	GOMF_TRANSPORTER_ACTIVITY	GOMF_LIPID_TRANSPORTER_ACTIVITY	GOMF_PROTEIN_TRANSPORTER_ACTIVITY	lisa_dictionary_core@1.0.0	f24b5bd8d9ac66b6d64c1a91c56ab567aa64a37f05dee5ce0ed3011b2bed8994	0914c2d2e40369041a2313e913898f9c8e4065779e3973b076b70ea473045736	d61fcb2e1d40d0448d459daaab952975477203bb00b76cb53145aea8f61333b1	verified_exact_membership
GOMF	MF_TRANSPORT_SENSING	Transport, vesicle traffic and sensing functions	26	Groups channels, pumps, transporters, vesicle-trafficking factors and physicochemical sensors.	MF_VESICLE_TRAFFIC	Vesicle trafficking activity	5	Groups Gene Ontology molecular-function gene sets describing vesicle trafficking activity.	3	1	GOMF_SNARE_BINDING			lisa_dictionary_core@1.0.0	f24b5bd8d9ac66b6d64c1a91c56ab567aa64a37f05dee5ce0ed3011b2bed8994	0914c2d2e40369041a2313e913898f9c8e4065779e3973b076b70ea473045736	d61fcb2e1d40d0448d459daaab952975477203bb00b76cb53145aea8f61333b1	verified_exact_membership
GOCC	CC_SURFACE_ADHESION_ECM	Cell surface, adhesion and ECM compartments	2	Covers plasma-membrane, cell-junction, cytoskeletal and extracellular-matrix compartments.	CC_EXTRACELLULAR_MATRIX	Extracellular matrix compartment	1	Groups Gene Ontology cellular-component gene sets describing extracellular matrix compartment.	24	3	GOCC_SPECIALIZED_EXTRACELLULAR_MATRIX	GOCC_SYNAPSE_ASSOCIATED_EXTRACELLULAR_MATRIX	GOCC_INTERSTITIAL_MATRIX	lisa_dictionary_core@1.0.0	f24b5bd8d9ac66b6d64c1a91c56ab567aa64a37f05dee5ce0ed3011b2bed8994	0914c2d2e40369041a2313e913898f9c8e4065779e3973b076b70ea473045736	d61fcb2e1d40d0448d459daaab952975477203bb00b76cb53145aea8f61333b1	verified_exact_membership
GOCC	CC_SURFACE_ADHESION_ECM	Cell surface, adhesion and ECM compartments	2	Covers plasma-membrane, cell-junction, cytoskeletal and extracellular-matrix compartments.	CC_JUNCTION_ADHESION_CYTOSKELETON	Junction, adhesion and cytoskeletal compartment	2	Groups Gene Ontology cellular-component gene sets describing junction, adhesion and cytoskeletal compartment.	209	3	GOCC_GAP_JUNCTION	GOCC_TIGHT_JUNCTION	GOCC_ADHERENS_JUNCTION	lisa_dictionary_core@1.0.0	f24b5bd8d9ac66b6d64c1a91c56ab567aa64a37f05dee5ce0ed3011b2bed8994	0914c2d2e40369041a2313e913898f9c8e4065779e3973b076b70ea473045736	d61fcb2e1d40d0448d459daaab952975477203bb00b76cb53145aea8f61333b1	verified_exact_membership
GOCC	CC_SURFACE_ADHESION_ECM	Cell surface, adhesion and ECM compartments	2	Covers plasma-membrane, cell-junction, cytoskeletal and extracellular-matrix compartments.	CC_PLASMA_MEMBRANE_CELL_SURFACE	Plasma membrane and cell-surface compartment	3	Groups Gene Ontology cellular-component gene sets describing plasma membrane and cell-surface compartment.	115	3	GOCC_CELL_SURFACE	GOCC_CELL_BODY_MEMBRANE	GOCC_PLASMA_MEMBRANE_RAFT	lisa_dictionary_core@1.0.0	f24b5bd8d9ac66b6d64c1a91c56ab567aa64a37f05dee5ce0ed3011b2bed8994	0914c2d2e40369041a2313e913898f9c8e4065779e3973b076b70ea473045736	d61fcb2e1d40d0448d459daaab952975477203bb00b76cb53145aea8f61333b1	verified_exact_membership
GOCC	CC_IMMUNE_COMPLEXES	Immune and signaling complexes	9	Covers cellular complexes that assemble immune and inflammatory signaling machinery.	CC_IMMUNE_SIGNALING_COMPLEX	Immune signaling and inflammatory complex compartment	1	Groups Gene Ontology cellular-component gene sets describing immune signaling and inflammatory complex compartment.	29	3	GOCC_NLRP1_INFLAMMASOME_COMPLEX	GOCC_NLRP3_INFLAMMASOME_COMPLEX	GOCC_CANONICAL_INFLAMMASOME_COMPLEX	lisa_dictionary_core@1.0.0	f24b5bd8d9ac66b6d64c1a91c56ab567aa64a37f05dee5ce0ed3011b2bed8994	0914c2d2e40369041a2313e913898f9c8e4065779e3973b076b70ea473045736	d61fcb2e1d40d0448d459daaab952975477203bb00b76cb53145aea8f61333b1	verified_exact_membership
GOCC	CC_METABOLIC_ORGANELLES	Metabolic organelles	11	Covers organelles that host energy production and intermediary metabolism, especially mitochondria and peroxisomes.	CC_MITOCHONDRIAL_METABOLIC	Mitochondrial and metabolic organelle compartment	1	Groups Gene Ontology cellular-component gene sets describing mitochondrial and metabolic organelle compartment.	46	3	GOCC_MITOCHONDRION	GOCC_ORGANELLAR_RIBOSOME	GOCC_MITOCHONDRIAL_CRISTA	lisa_dictionary_core@1.0.0	f24b5bd8d9ac66b6d64c1a91c56ab567aa64a37f05dee5ce0ed3011b2bed8994	0914c2d2e40369041a2313e913898f9c8e4065779e3973b076b70ea473045736	d61fcb2e1d40d0448d459daaab952975477203bb00b76cb53145aea8f61333b1	verified_exact_membership
GOCC	CC_NUCLEAR_GENE_EXPRESSION	Nuclear and gene-expression compartments	14	Covers nuclear, chromatin, transcriptional, RNA-processing and ribosomal compartments.	CC_NUCLEAR_CHROMATIN	Nuclear and chromatin compartment	1	Groups Gene Ontology cellular-component gene sets describing nuclear and chromatin compartment.	137	3	GOCC_CHROMATIN	GOCC_NUCLEAR_BODY	GOCC_NUCLEAR_PORE	lisa_dictionary_core@1.0.0	f24b5bd8d9ac66b6d64c1a91c56ab567aa64a37f05dee5ce0ed3011b2bed8994	0914c2d2e40369041a2313e913898f9c8e4065779e3973b076b70ea473045736	d61fcb2e1d40d0448d459daaab952975477203bb00b76cb53145aea8f61333b1	verified_exact_membership
GOCC	CC_NUCLEAR_GENE_EXPRESSION	Nuclear and gene-expression compartments	14	Covers nuclear, chromatin, transcriptional, RNA-processing and ribosomal compartments.	CC_TRANSCRIPTION_RNA_RIBOSOME	Transcription, RNA and ribosome complexes	2	Groups Gene Ontology cellular-component gene sets describing transcription, RNA and ribosome complexes.	140	3	GOCC_RNA_DECAPPING_COMPLEX	GOCC_RNA_POLYMERASE_COMPLEX	GOCC_TRANSCRIPTION_EXPORT_COMPLEX	lisa_dictionary_core@1.0.0	f24b5bd8d9ac66b6d64c1a91c56ab567aa64a37f05dee5ce0ed3011b2bed8994	0914c2d2e40369041a2313e913898f9c8e4065779e3973b076b70ea473045736	d61fcb2e1d40d0448d459daaab952975477203bb00b76cb53145aea8f61333b1	verified_exact_membership
GOCC	CC_PROTEOSTASIS_GENERIC_COMPLEXES	Proteostasis and generic complexes	17	Covers macromolecular complexes involved in protein folding, degradation and other general protein assemblies.	CC_OTHER_GENERIC_COMPLEX	Other generic protein/macromolecular complex	1	Groups Gene Ontology cellular-component gene sets describing other generic protein/macromolecular complex.	42	3	GOCC_PROTEIN_KINASE_COMPLEX	GOCC_MEMBRANE_PROTEIN_COMPLEX	GOCC_PROTEIN_PHOSPHATASE_4_COMPLEX	lisa_dictionary_core@1.0.0	f24b5bd8d9ac66b6d64c1a91c56ab567aa64a37f05dee5ce0ed3011b2bed8994	0914c2d2e40369041a2313e913898f9c8e4065779e3973b076b70ea473045736	d61fcb2e1d40d0448d459daaab952975477203bb00b76cb53145aea8f61333b1	verified_exact_membership
GOCC	CC_PROTEOSTASIS_GENERIC_COMPLEXES	Proteostasis and generic complexes	17	Covers macromolecular complexes involved in protein folding, degradation and other general protein assemblies.	CC_PROTEOSTASIS_COMPLEX	Proteostasis complex compartment	2	Groups Gene Ontology cellular-component gene sets describing proteostasis complex compartment.	34	3	GOCC_3M_COMPLEX	GOCC_RQC_COMPLEX	GOCC_PREFOLDIN_COMPLEX	lisa_dictionary_core@1.0.0	f24b5bd8d9ac66b6d64c1a91c56ab567aa64a37f05dee5ce0ed3011b2bed8994	0914c2d2e40369041a2313e913898f9c8e4065779e3973b076b70ea473045736	d61fcb2e1d40d0448d459daaab952975477203bb00b76cb53145aea8f61333b1	verified_exact_membership
GOCC	CC_SECRETORY_ENDOMEMBRANE	Secretory and endomembrane compartments	19	Covers endoplasmic-reticulum, Golgi, vesicular, endolysosomal and secretory compartments.	CC_ENDOLYSOSOME_AUTOPHAGY_VESICLE	Endolysosome, autophagy and intracellular vesicle compartment	1	Groups Gene Ontology cellular-component gene sets describing endolysosome, autophagy and intracellular vesicle compartment.	116	3	GOCC_ENDOLYSOSOME	GOCC_AUTOPHAGOSOME	GOCC_VESICLE_COAT	lisa_dictionary_core@1.0.0	f24b5bd8d9ac66b6d64c1a91c56ab567aa64a37f05dee5ce0ed3011b2bed8994	0914c2d2e40369041a2313e913898f9c8e4065779e3973b076b70ea473045736	d61fcb2e1d40d0448d459daaab952975477203bb00b76cb53145aea8f61333b1	verified_exact_membership
GOCC	CC_SECRETORY_ENDOMEMBRANE	Secretory and endomembrane compartments	19	Covers endoplasmic-reticulum, Golgi, vesicular, endolysosomal and secretory compartments.	CC_ER_GOLGI_SECRETORY	ER, Golgi and secretory-route compartment	2	Groups Gene Ontology cellular-component gene sets describing ER, golgi and secretory-route compartment.	96	3	GOCC_ENDOPLASMIC_RETICULUM_GOLGI_INTERMEDIATE_COMPARTMENT	GOCC_GOLGI_LUMEN	GOCC_GOLGI_STACK	lisa_dictionary_core@1.0.0	f24b5bd8d9ac66b6d64c1a91c56ab567aa64a37f05dee5ce0ed3011b2bed8994	0914c2d2e40369041a2313e913898f9c8e4065779e3973b076b70ea473045736	d61fcb2e1d40d0448d459daaab952975477203bb00b76cb53145aea8f61333b1	verified_exact_membership
GOCC	CC_SECRETORY_ENDOMEMBRANE	Secretory and endomembrane compartments	19	Covers endoplasmic-reticulum, Golgi, vesicular, endolysosomal and secretory compartments.	CC_EXTRACELLULAR_VESICLE_SECRETOME	Extracellular vesicle and secretome compartment	3	Groups Gene Ontology cellular-component gene sets describing extracellular vesicle and secretome compartment.	15	2	GOCC_CHYLOMICRON	GOCC_MICROVESICLE		lisa_dictionary_core@1.0.0	f24b5bd8d9ac66b6d64c1a91c56ab567aa64a37f05dee5ce0ed3011b2bed8994	0914c2d2e40369041a2313e913898f9c8e4065779e3973b076b70ea473045736	d61fcb2e1d40d0448d459daaab952975477203bb00b76cb53145aea8f61333b1	verified_exact_membership
PATHWAYS	RTK_RAS_MAPK	RTK_RAS_MAPK	1	Groups receptor-tyrosine-kinase signaling through RAS and the RAF-MEK-ERK cascade.	EGFR_ERBB_SIGNALING	EGFR/ERBB signaling	1	Groups curated signaling and pathway gene sets describing egfr/erbb signaling.	67	3	WP_ERBB_SIGNALING	GOBP_ERBB_SIGNALING_PATHWAY	KEGG_ERBB_SIGNALING_PATHWAY	lisa_dictionary_core@1.0.0	f24b5bd8d9ac66b6d64c1a91c56ab567aa64a37f05dee5ce0ed3011b2bed8994	0914c2d2e40369041a2313e913898f9c8e4065779e3973b076b70ea473045736	d61fcb2e1d40d0448d459daaab952975477203bb00b76cb53145aea8f61333b1	verified_exact_membership
PATHWAYS	RTK_RAS_MAPK	RTK_RAS_MAPK	1	Groups receptor-tyrosine-kinase signaling through RAS and the RAF-MEK-ERK cascade.	FGFR_SIGNALING	FGFR signaling	2	Groups curated signaling and pathway gene sets describing fgfr signaling.	42	3	REACTOME_SIGNALING_BY_FGFR	KEGG_MEDICUS_REFERENCE_FGF_FGFR_PI3K_SIGNALING_PATHWAY	KEGG_MEDICUS_REFERENCE_FGF_FGFR_RAS_ERK_SIGNALING_PATHWAY	lisa_dictionary_core@1.0.0	f24b5bd8d9ac66b6d64c1a91c56ab567aa64a37f05dee5ce0ed3011b2bed8994	0914c2d2e40369041a2313e913898f9c8e4065779e3973b076b70ea473045736	d61fcb2e1d40d0448d459daaab952975477203bb00b76cb53145aea8f61333b1	verified_exact_membership
PATHWAYS	RTK_RAS_MAPK	RTK_RAS_MAPK	1	Groups receptor-tyrosine-kinase signaling through RAS and the RAF-MEK-ERK cascade.	VEGF_VEGFR_SIGNALING	VEGF/VEGFR signaling	3	Groups curated signaling and pathway gene sets describing vegf/vegfr signaling.	11	2	PID_VEGF_VEGFR_PATHWAY	BIOCARTA_VEGF_PATHWAY		lisa_dictionary_core@1.0.0	f24b5bd8d9ac66b6d64c1a91c56ab567aa64a37f05dee5ce0ed3011b2bed8994	0914c2d2e40369041a2313e913898f9c8e4065779e3973b076b70ea473045736	d61fcb2e1d40d0448d459daaab952975477203bb00b76cb53145aea8f61333b1	verified_exact_membership
PATHWAYS	RTK_RAS_MAPK	RTK_RAS_MAPK	1	Groups receptor-tyrosine-kinase signaling through RAS and the RAF-MEK-ERK cascade.	PDGF_PDGFRA_B_SIGNALING	PDGF/PDGFR signaling	4	Groups curated signaling and pathway gene sets describing pdgf/pdgfr signaling.	15	2	WP_PDGF_PATHWAY	BIOCARTA_PDGF_PATHWAY		lisa_dictionary_core@1.0.0	f24b5bd8d9ac66b6d64c1a91c56ab567aa64a37f05dee5ce0ed3011b2bed8994	0914c2d2e40369041a2313e913898f9c8e4065779e3973b076b70ea473045736	d61fcb2e1d40d0448d459daaab952975477203bb00b76cb53145aea8f61333b1	verified_exact_membership
PATHWAYS	RTK_RAS_MAPK	RTK_RAS_MAPK	1	Groups receptor-tyrosine-kinase signaling through RAS and the RAF-MEK-ERK cascade.	MET_HGF_SIGNALING	MET/HGF signaling	5	Groups curated signaling and pathway gene sets describing met/hgf signaling.	15	2	PID_MET_PATHWAY	BIOCARTA_MET_PATHWAY		lisa_dictionary_core@1.0.0	f24b5bd8d9ac66b6d64c1a91c56ab567aa64a37f05dee5ce0ed3011b2bed8994	0914c2d2e40369041a2313e913898f9c8e4065779e3973b076b70ea473045736	d61fcb2e1d40d0448d459daaab952975477203bb00b76cb53145aea8f61333b1	verified_exact_membership
PATHWAYS	RTK_RAS_MAPK	RTK_RAS_MAPK	1	Groups receptor-tyrosine-kinase signaling through RAS and the RAF-MEK-ERK cascade.	KIT_SIGNALING	KIT signaling	6	Groups curated signaling and pathway gene sets describing kit signaling.	8	2	PID_KIT_PATHWAY	WP_KIT_RECEPTOR_SIGNALING		lisa_dictionary_core@1.0.0	f24b5bd8d9ac66b6d64c1a91c56ab567aa64a37f05dee5ce0ed3011b2bed8994	0914c2d2e40369041a2313e913898f9c8e4065779e3973b076b70ea473045736	d61fcb2e1d40d0448d459daaab952975477203bb00b76cb53145aea8f61333b1	verified_exact_membership
PATHWAYS	RTK_RAS_MAPK	RTK_RAS_MAPK	1	Groups receptor-tyrosine-kinase signaling through RAS and the RAF-MEK-ERK cascade.	RET_SIGNALING	RET signaling	8	Groups curated signaling and pathway gene sets describing ret signaling.	6	2	PID_RET_PATHWAY	REACTOME_RET_SIGNALING		lisa_dictionary_core@1.0.0	f24b5bd8d9ac66b6d64c1a91c56ab567aa64a37f05dee5ce0ed3011b2bed8994	0914c2d2e40369041a2313e913898f9c8e4065779e3973b076b70ea473045736	d61fcb2e1d40d0448d459daaab952975477203bb00b76cb53145aea8f61333b1	verified_exact_membership
PATHWAYS	RTK_RAS_MAPK	RTK_RAS_MAPK	1	Groups receptor-tyrosine-kinase signaling through RAS and the RAF-MEK-ERK cascade.	INSULIN_IGF_SIGNALING	Insulin/IGF signaling	9	Groups curated signaling and pathway gene sets describing insulin/igf signaling.	25	3	PID_INSULIN_PATHWAY	WP_INSULIN_SIGNALING	BIOCARTA_INSULIN_PATHWAY	lisa_dictionary_core@1.0.0	f24b5bd8d9ac66b6d64c1a91c56ab567aa64a37f05dee5ce0ed3011b2bed8994	0914c2d2e40369041a2313e913898f9c8e4065779e3973b076b70ea473045736	d61fcb2e1d40d0448d459daaab952975477203bb00b76cb53145aea8f61333b1	verified_exact_membership
PATHWAYS	RTK_RAS_MAPK	RTK_RAS_MAPK	1	Groups receptor-tyrosine-kinase signaling through RAS and the RAF-MEK-ERK cascade.	RAS_ACTIVATION	RAS activation	10	Groups curated signaling and pathway gene sets describing ras activation.	16	2	PID_RAS_PATHWAY	WP_RAS_SIGNALING		lisa_dictionary_core@1.0.0	f24b5bd8d9ac66b6d64c1a91c56ab567aa64a37f05dee5ce0ed3011b2bed8994	0914c2d2e40369041a2313e913898f9c8e4065779e3973b076b70ea473045736	d61fcb2e1d40d0448d459daaab952975477203bb00b76cb53145aea8f61333b1	verified_exact_membership
PATHWAYS	RTK_RAS_MAPK	RTK_RAS_MAPK	1	Groups receptor-tyrosine-kinase signaling through RAS and the RAF-MEK-ERK cascade.	RAF_MEK_ERK_CASCADE	RAF-MEK-ERK cascade	11	Groups curated signaling and pathway gene sets describing raf-mek-erk cascade.	43	3	BIOCARTA_ERK_PATHWAY	WP_MAPK_CASCADE	REACTOME_RAF_ACTIVATION	lisa_dictionary_core@1.0.0	f24b5bd8d9ac66b6d64c1a91c56ab567aa64a37f05dee5ce0ed3011b2bed8994	0914c2d2e40369041a2313e913898f9c8e4065779e3973b076b70ea473045736	d61fcb2e1d40d0448d459daaab952975477203bb00b76cb53145aea8f61333b1	verified_exact_membership
PATHWAYS	RTK_RAS_MAPK	RTK_RAS_MAPK	1	Groups receptor-tyrosine-kinase signaling through RAS and the RAF-MEK-ERK cascade.	ALK_SIGNALING	ALK signaling	13	Groups curated signaling and pathway gene sets describing alk signaling.	7	2	BIOCARTA_ALK_PATHWAY	REACTOME_SIGNALING_BY_ALK		lisa_dictionary_core@1.0.0	f24b5bd8d9ac66b6d64c1a91c56ab567aa64a37f05dee5ce0ed3011b2bed8994	0914c2d2e40369041a2313e913898f9c8e4065779e3973b076b70ea473045736	d61fcb2e1d40d0448d459daaab952975477203bb00b76cb53145aea8f61333b1	verified_exact_membership
PATHWAYS	RTK_RAS_MAPK	RTK_RAS_MAPK	1	Groups receptor-tyrosine-kinase signaling through RAS and the RAF-MEK-ERK cascade.	NTRK_TRK_SIGNALING	NTRK/TRK signaling	15	Groups curated signaling and pathway gene sets describing ntrk/trk signaling.	24	3	PID_MAPK_TRK_PATHWAY	PID_PI3K_PLC_TRK_PATHWAY	GOBP_NEUROTROPHIN_TRK_RECEPTOR_SIGNALING_PATHWAY	lisa_dictionary_core@1.0.0	f24b5bd8d9ac66b6d64c1a91c56ab567aa64a37f05dee5ce0ed3011b2bed8994	0914c2d2e40369041a2313e913898f9c8e4065779e3973b076b70ea473045736	d61fcb2e1d40d0448d459daaab952975477203bb00b76cb53145aea8f61333b1	verified_exact_membership
PATHWAYS	STRESS_MAPK	STRESS_MAPK	2	Groups stress-responsive p38 and JNK mitogen-activated protein kinase pathways.	P38_MAPK_SIGNALING	p38 MAPK signaling	1	Groups curated signaling and pathway gene sets describing p38 MAPK signaling.	12	2	WP_P38_MAPK_SIGNALING	PID_P38_MK2_PATHWAY		lisa_dictionary_core@1.0.0	f24b5bd8d9ac66b6d64c1a91c56ab567aa64a37f05dee5ce0ed3011b2bed8994	0914c2d2e40369041a2313e913898f9c8e4065779e3973b076b70ea473045736	d61fcb2e1d40d0448d459daaab952975477203bb00b76cb53145aea8f61333b1	verified_exact_membership
PATHWAYS	STRESS_MAPK	STRESS_MAPK	2	Groups stress-responsive p38 and JNK mitogen-activated protein kinase pathways.	JNK_SIGNALING	JNK signaling	2	Groups curated signaling and pathway gene sets describing JNK signaling.	9	2	GOBP_JNK_CASCADE	KEGG_MEDICUS_REFERENCE_FAS_JNK_SIGNALING_PATHWAY		lisa_dictionary_core@1.0.0	f24b5bd8d9ac66b6d64c1a91c56ab567aa64a37f05dee5ce0ed3011b2bed8994	0914c2d2e40369041a2313e913898f9c8e4065779e3973b076b70ea473045736	d61fcb2e1d40d0448d459daaab952975477203bb00b76cb53145aea8f61333b1	verified_exact_membership
PATHWAYS	PI3K_AKT_MTOR	PI3K_AKT_MTOR	3	Groups PI3K, AKT, mTOR and AMPK pathways that coordinate growth, survival and nutrient sensing.	PI3K_CLASS_I_SIGNALING	Class I PI3K signaling	1	Groups curated signaling and pathway gene sets describing class i PI3K signaling.	33	3	REACTOME_PI3K_AKT_ACTIVATION	KEGG_MEDICUS_REFERENCE_P4_PR_PI3K_SIGNALING_PATHWAY	KEGG_MEDICUS_REFERENCE_HGF_MET_PI3K_SIGNALING_PATHWAY	lisa_dictionary_core@1.0.0	f24b5bd8d9ac66b6d64c1a91c56ab567aa64a37f05dee5ce0ed3011b2bed8994	0914c2d2e40369041a2313e913898f9c8e4065779e3973b076b70ea473045736	d61fcb2e1d40d0448d459daaab952975477203bb00b76cb53145aea8f61333b1	verified_exact_membership
PATHWAYS	PI3K_AKT_MTOR	PI3K_AKT_MTOR	3	Groups PI3K, AKT, mTOR and AMPK pathways that coordinate growth, survival and nutrient sensing.	AKT_SIGNALING	AKT signaling	2	Groups curated signaling and pathway gene sets describing AKT signaling.	37	3	BIOCARTA_AKT_PATHWAY	PID_PI3KCI_AKT_PATHWAY	REACTOME_PI3K_AKT_ACTIVATION	lisa_dictionary_core@1.0.0	f24b5bd8d9ac66b6d64c1a91c56ab567aa64a37f05dee5ce0ed3011b2bed8994	0914c2d2e40369041a2313e913898f9c8e4065779e3973b076b70ea473045736	d61fcb2e1d40d0448d459daaab952975477203bb00b76cb53145aea8f61333b1	verified_exact_membership
PATHWAYS	PI3K_AKT_MTOR	PI3K_AKT_MTOR	3	Groups PI3K, AKT, mTOR and AMPK pathways that coordinate growth, survival and nutrient sensing.	MTORC1_SIGNALING	mTORC1 signaling	3	Groups curated signaling and pathway gene sets describing mtorc1 signaling.	11	2	REACTOME_MTORC1_MEDIATED_SIGNALLING	REACTOME_AMINO_ACIDS_REGULATE_MTORC1		lisa_dictionary_core@1.0.0	f24b5bd8d9ac66b6d64c1a91c56ab567aa64a37f05dee5ce0ed3011b2bed8994	0914c2d2e40369041a2313e913898f9c8e4065779e3973b076b70ea473045736	d61fcb2e1d40d0448d459daaab952975477203bb00b76cb53145aea8f61333b1	verified_exact_membership
PATHWAYS	PI3K_AKT_MTOR	PI3K_AKT_MTOR	3	Groups PI3K, AKT, mTOR and AMPK pathways that coordinate growth, survival and nutrient sensing.	MTORC2_SIGNALING	mTORC2 signaling	4	Groups curated signaling and pathway gene sets describing mtorc2 signaling.	1	1	GOBP_TORC2_SIGNALING			lisa_dictionary_core@1.0.0	f24b5bd8d9ac66b6d64c1a91c56ab567aa64a37f05dee5ce0ed3011b2bed8994	0914c2d2e40369041a2313e913898f9c8e4065779e3973b076b70ea473045736	d61fcb2e1d40d0448d459daaab952975477203bb00b76cb53145aea8f61333b1	verified_exact_membership
PATHWAYS	PI3K_AKT_MTOR	PI3K_AKT_MTOR	3	Groups PI3K, AKT, mTOR and AMPK pathways that coordinate growth, survival and nutrient sensing.	AMPK_SIGNALING	AMPK signaling	5	Groups curated signaling and pathway gene sets describing AMPK signaling.	6	2	GOBP_CAMKK_AMPK_SIGNALING_CASCADE	REACTOME_ACTIVATION_OF_AMPK_DOWNSTREAM_OF_NMDARS		lisa_dictionary_core@1.0.0	f24b5bd8d9ac66b6d64c1a91c56ab567aa64a37f05dee5ce0ed3011b2bed8994	0914c2d2e40369041a2313e913898f9c8e4065779e3973b076b70ea473045736	d61fcb2e1d40d0448d459daaab952975477203bb00b76cb53145aea8f61333b1	verified_exact_membership
PATHWAYS	RHO_GTPASE_CYTOSKELETON	RHO_GTPASE_CYTOSKELETON	4	Groups RHO-family GTPase, adhesion and actin-regulatory pathways that organize cell shape and movement.	RAC1_SIGNALING	RAC1 signaling	1	Groups curated signaling and pathway gene sets describing rac1 signaling.	10	2	PID_RAC1_PATHWAY	BIOCARTA_RAC1_PATHWAY		lisa_dictionary_core@1.0.0	f24b5bd8d9ac66b6d64c1a91c56ab567aa64a37f05dee5ce0ed3011b2bed8994	0914c2d2e40369041a2313e913898f9c8e4065779e3973b076b70ea473045736	d61fcb2e1d40d0448d459daaab952975477203bb00b76cb53145aea8f61333b1	verified_exact_membership
PATHWAYS	RHO_GTPASE_CYTOSKELETON	RHO_GTPASE_CYTOSKELETON	4	Groups RHO-family GTPase, adhesion and actin-regulatory pathways that organize cell shape and movement.	RHOA_ROCK_SIGNALING	RHOA-ROCK signaling	2	Groups curated signaling and pathway gene sets describing rhoa-rock signaling.	11	2	PID_RHOA_PATHWAY	REACTOME_RHOA_GTPASE_CYCLE		lisa_dictionary_core@1.0.0	f24b5bd8d9ac66b6d64c1a91c56ab567aa64a37f05dee5ce0ed3011b2bed8994	0914c2d2e40369041a2313e913898f9c8e4065779e3973b076b70ea473045736	d61fcb2e1d40d0448d459daaab952975477203bb00b76cb53145aea8f61333b1	verified_exact_membership
PATHWAYS	RHO_GTPASE_CYTOSKELETON	RHO_GTPASE_CYTOSKELETON	4	Groups RHO-family GTPase, adhesion and actin-regulatory pathways that organize cell shape and movement.	CDC42_SIGNALING	CDC42 signaling	3	Groups curated signaling and pathway gene sets describing cdc42 signaling.	8	2	PID_CDC42_PATHWAY	PID_CDC42_REG_PATHWAY		lisa_dictionary_core@1.0.0	f24b5bd8d9ac66b6d64c1a91c56ab567aa64a37f05dee5ce0ed3011b2bed8994	0914c2d2e40369041a2313e913898f9c8e4065779e3973b076b70ea473045736	d61fcb2e1d40d0448d459daaab952975477203bb00b76cb53145aea8f61333b1	verified_exact_membership
PATHWAYS	RHO_GTPASE_CYTOSKELETON	RHO_GTPASE_CYTOSKELETON	4	Groups RHO-family GTPase, adhesion and actin-regulatory pathways that organize cell shape and movement.	PAK_SIGNALING	PAK signaling	4	Groups curated signaling and pathway gene sets describing pak signaling.	2	1	KEGG_MEDICUS_REFERENCE_RAC_CDC42_PAK_ERK_SIGNALING_PATHWAY			lisa_dictionary_core@1.0.0	f24b5bd8d9ac66b6d64c1a91c56ab567aa64a37f05dee5ce0ed3011b2bed8994	0914c2d2e40369041a2313e913898f9c8e4065779e3973b076b70ea473045736	d61fcb2e1d40d0448d459daaab952975477203bb00b76cb53145aea8f61333b1	verified_exact_membership
PATHWAYS	RHO_GTPASE_CYTOSKELETON	RHO_GTPASE_CYTOSKELETON	4	Groups RHO-family GTPase, adhesion and actin-regulatory pathways that organize cell shape and movement.	FAK_SRC_SIGNALING	FAK/SRC adhesion signaling	5	Groups curated signaling and pathway gene sets describing fak/src adhesion signaling.	5	1	PID_FAK_PATHWAY			lisa_dictionary_core@1.0.0	f24b5bd8d9ac66b6d64c1a91c56ab567aa64a37f05dee5ce0ed3011b2bed8994	0914c2d2e40369041a2313e913898f9c8e4065779e3973b076b70ea473045736	d61fcb2e1d40d0448d459daaab952975477203bb00b76cb53145aea8f61333b1	verified_exact_membership
PATHWAYS	RHO_GTPASE_CYTOSKELETON	RHO_GTPASE_CYTOSKELETON	4	Groups RHO-family GTPase, adhesion and actin-regulatory pathways that organize cell shape and movement.	ACTIN_REGULATORY_SIGNALING	Actin regulatory signaling	6	Groups curated signaling and pathway gene sets describing actin regulatory signaling.	1	1	REACTOME_RHO_GTPASES_ACTIVATE_WASPS_AND_WAVES			lisa_dictionary_core@1.0.0	f24b5bd8d9ac66b6d64c1a91c56ab567aa64a37f05dee5ce0ed3011b2bed8994	0914c2d2e40369041a2313e913898f9c8e4065779e3973b076b70ea473045736	d61fcb2e1d40d0448d459daaab952975477203bb00b76cb53145aea8f61333b1	verified_exact_membership
PATHWAYS	TGF_BETA_SMAD	TGF_BETA_SMAD	5	Groups TGF-beta-family ligands and their SMAD-dependent developmental and homeostatic pathways.	TGF_BETA_SMAD_SIGNALING	TGF-beta/SMAD signaling	1	Groups curated signaling and pathway gene sets describing TGF-beta/SMAD signaling.	17	2	KEGG_TGF_BETA_SIGNALING_PATHWAY	REACTOME_TGFBR3_REGULATES_TGF_BETA_SIGNALING		lisa_dictionary_core@1.0.0	f24b5bd8d9ac66b6d64c1a91c56ab567aa64a37f05dee5ce0ed3011b2bed8994	0914c2d2e40369041a2313e913898f9c8e4065779e3973b076b70ea473045736	d61fcb2e1d40d0448d459daaab952975477203bb00b76cb53145aea8f61333b1	verified_exact_membership
PATHWAYS	TGF_BETA_SMAD	TGF_BETA_SMAD	5	Groups TGF-beta-family ligands and their SMAD-dependent developmental and homeostatic pathways.	BMP_SMAD_SIGNALING	BMP/SMAD signaling	2	Groups curated signaling and pathway gene sets describing bmp/SMAD signaling.	8	2	PID_BMP_PATHWAY	REACTOME_SIGNALING_BY_BMP		lisa_dictionary_core@1.0.0	f24b5bd8d9ac66b6d64c1a91c56ab567aa64a37f05dee5ce0ed3011b2bed8994	0914c2d2e40369041a2313e913898f9c8e4065779e3973b076b70ea473045736	d61fcb2e1d40d0448d459daaab952975477203bb00b76cb53145aea8f61333b1	verified_exact_membership
PATHWAYS	TGF_BETA_SMAD	TGF_BETA_SMAD	5	Groups TGF-beta-family ligands and their SMAD-dependent developmental and homeostatic pathways.	ACTIVIN_NODAL_SIGNALING	Activin/Nodal signaling	3	Groups curated signaling and pathway gene sets describing activin/nodal signaling.	6	2	GOBP_NODAL_SIGNALING_PATHWAY	REACTOME_SIGNALING_BY_NODAL		lisa_dictionary_core@1.0.0	f24b5bd8d9ac66b6d64c1a91c56ab567aa64a37f05dee5ce0ed3011b2bed8994	0914c2d2e40369041a2313e913898f9c8e4065779e3973b076b70ea473045736	d61fcb2e1d40d0448d459daaab952975477203bb00b76cb53145aea8f61333b1	verified_exact_membership
PATHWAYS	WNT_NOTCH_HEDGEHOG	WNT_NOTCH_HEDGEHOG	6	Groups WNT, NOTCH and Hedgehog developmental signaling, including canonical and non-canonical branches.	WNT_BETA_CATENIN_SIGNALING	WNT/beta-catenin signaling	1	Groups curated signaling and pathway gene sets describing Wnt/beta-catenin signaling.	37	3	WNT_SIGNALING	PID_BETA_CATENIN_DEG_PATHWAY	PID_BETA_CATENIN_NUC_PATHWAY	lisa_dictionary_core@1.0.0	f24b5bd8d9ac66b6d64c1a91c56ab567aa64a37f05dee5ce0ed3011b2bed8994	0914c2d2e40369041a2313e913898f9c8e4065779e3973b076b70ea473045736	d61fcb2e1d40d0448d459daaab952975477203bb00b76cb53145aea8f61333b1	verified_exact_membership
PATHWAYS	WNT_NOTCH_HEDGEHOG	WNT_NOTCH_HEDGEHOG	6	Groups WNT, NOTCH and Hedgehog developmental signaling, including canonical and non-canonical branches.	NONCANONICAL_WNT_PCP_SIGNALING	Non-canonical WNT/PCP signaling	2	Groups curated signaling and pathway gene sets describing non-canonical Wnt/pcp signaling.	6	2	GOBP_NON_CANONICAL_WNT_SIGNALING_PATHWAY	REACTOME_PCP_CE_PATHWAY		lisa_dictionary_core@1.0.0	f24b5bd8d9ac66b6d64c1a91c56ab567aa64a37f05dee5ce0ed3011b2bed8994	0914c2d2e40369041a2313e913898f9c8e4065779e3973b076b70ea473045736	d61fcb2e1d40d0448d459daaab952975477203bb00b76cb53145aea8f61333b1	verified_exact_membership
PATHWAYS	WNT_NOTCH_HEDGEHOG	WNT_NOTCH_HEDGEHOG	6	Groups WNT, NOTCH and Hedgehog developmental signaling, including canonical and non-canonical branches.	NOTCH_SIGNALING	NOTCH signaling	3	Groups curated signaling and pathway gene sets describing Notch signaling.	34	3	PID_NOTCH_PATHWAY	BIOCARTA_NOTCH_PATHWAY	GOBP_NOTCH_SIGNALING_PATHWAY	lisa_dictionary_core@1.0.0	f24b5bd8d9ac66b6d64c1a91c56ab567aa64a37f05dee5ce0ed3011b2bed8994	0914c2d2e40369041a2313e913898f9c8e4065779e3973b076b70ea473045736	d61fcb2e1d40d0448d459daaab952975477203bb00b76cb53145aea8f61333b1	verified_exact_membership
PATHWAYS	WNT_NOTCH_HEDGEHOG	WNT_NOTCH_HEDGEHOG	6	Groups WNT, NOTCH and Hedgehog developmental signaling, including canonical and non-canonical branches.	HEDGEHOG_SIGNALING	Hedgehog signaling	4	Groups curated signaling and pathway gene sets describing hedgehog signaling.	17	2	KEGG_HEDGEHOG_SIGNALING_PATHWAY	PID_HEDGEHOG_2PATHWAY		lisa_dictionary_core@1.0.0	f24b5bd8d9ac66b6d64c1a91c56ab567aa64a37f05dee5ce0ed3011b2bed8994	0914c2d2e40369041a2313e913898f9c8e4065779e3973b076b70ea473045736	d61fcb2e1d40d0448d459daaab952975477203bb00b76cb53145aea8f61333b1	verified_exact_membership
PATHWAYS	HIPPO_MECHANOSIGNALING	HIPPO_MECHANOSIGNALING	7	Groups Hippo/YAP/TAZ and mechanotransduction pathways that connect tissue mechanics to cell-state regulation.	HIPPO_YAP_TAZ_SIGNALING	Hippo/YAP/TAZ signaling	1	Groups curated signaling and pathway gene sets describing Hippo/YAP/TAZ signaling.	7	2	GOBP_HIPPO_SIGNALING	WP_HIPPO_SIGNALING_REGULATION		lisa_dictionary_core@1.0.0	f24b5bd8d9ac66b6d64c1a91c56ab567aa64a37f05dee5ce0ed3011b2bed8994	0914c2d2e40369041a2313e913898f9c8e4065779e3973b076b70ea473045736	d61fcb2e1d40d0448d459daaab952975477203bb00b76cb53145aea8f61333b1	verified_exact_membership
PATHWAYS	HIPPO_MECHANOSIGNALING	HIPPO_MECHANOSIGNALING	7	Groups Hippo/YAP/TAZ and mechanotransduction pathways that connect tissue mechanics to cell-state regulation.	MECHANOTRANSDUCTION_SIGNALING	Mechanotransduction signaling	2	Groups curated signaling and pathway gene sets describing mechanotransduction signaling.	1	1	WP_MECHANOREGULATION_AND_PATHOLOGY_OF_YAPTAZ_VIA_HIPPO_AND_NONHIPPO_MECHANISMS			lisa_dictionary_core@1.0.0	f24b5bd8d9ac66b6d64c1a91c56ab567aa64a37f05dee5ce0ed3011b2bed8994	0914c2d2e40369041a2313e913898f9c8e4065779e3973b076b70ea473045736	d61fcb2e1d40d0448d459daaab952975477203bb00b76cb53145aea8f61333b1	verified_exact_membership
PATHWAYS	CYTOKINE_JAK_STAT	CYTOKINE_JAK_STAT	8	Groups cytokine pathways that transmit signals through JAK kinases and STAT transcription factors.	TYPE_I_INTERFERON_SIGNALING	Type I interferon signaling	1	Groups curated signaling and pathway gene sets describing type i interferon signaling.	10	2	WP_INTERFERON_TYPE_I_SIGNALING	GOBP_TYPE_I_INTERFERON_MEDIATED_SIGNALING_PATHWAY		lisa_dictionary_core@1.0.0	f24b5bd8d9ac66b6d64c1a91c56ab567aa64a37f05dee5ce0ed3011b2bed8994	0914c2d2e40369041a2313e913898f9c8e4065779e3973b076b70ea473045736	d61fcb2e1d40d0448d459daaab952975477203bb00b76cb53145aea8f61333b1	verified_exact_membership
PATHWAYS	CYTOKINE_JAK_STAT	CYTOKINE_JAK_STAT	8	Groups cytokine pathways that transmit signals through JAK kinases and STAT transcription factors.	TYPE_II_INTERFERON_SIGNALING	Type II interferon signaling	2	Groups curated signaling and pathway gene sets describing type ii interferon signaling.	6	2	WP_TYPE_II_INTERFERON_SIGNALING	GOBP_TYPE_II_INTERFERON_MEDIATED_SIGNALING_PATHWAY		lisa_dictionary_core@1.0.0	f24b5bd8d9ac66b6d64c1a91c56ab567aa64a37f05dee5ce0ed3011b2bed8994	0914c2d2e40369041a2313e913898f9c8e4065779e3973b076b70ea473045736	d61fcb2e1d40d0448d459daaab952975477203bb00b76cb53145aea8f61333b1	verified_exact_membership
PATHWAYS	CYTOKINE_JAK_STAT	CYTOKINE_JAK_STAT	8	Groups cytokine pathways that transmit signals through JAK kinases and STAT transcription factors.	IL6_JAK_STAT3_SIGNALING	IL6/JAK/STAT3 signaling	3	Groups curated signaling and pathway gene sets describing il6/JAK/stat3 signaling.	9	2	WP_IL6_SIGNALING	BIOCARTA_IL6_PATHWAY		lisa_dictionary_core@1.0.0	f24b5bd8d9ac66b6d64c1a91c56ab567aa64a37f05dee5ce0ed3011b2bed8994	0914c2d2e40369041a2313e913898f9c8e4065779e3973b076b70ea473045736	d61fcb2e1d40d0448d459daaab952975477203bb00b76cb53145aea8f61333b1	verified_exact_membership
PATHWAYS	CYTOKINE_JAK_STAT	CYTOKINE_JAK_STAT	8	Groups cytokine pathways that transmit signals through JAK kinases and STAT transcription factors.	IL2_STAT5_SIGNALING	IL2/STAT5 signaling	4	Groups curated signaling and pathway gene sets describing il2/stat5 signaling.	11	2	PID_IL2_STAT5_PATHWAY	WP_IL2_SIGNALING		lisa_dictionary_core@1.0.0	f24b5bd8d9ac66b6d64c1a91c56ab567aa64a37f05dee5ce0ed3011b2bed8994	0914c2d2e40369041a2313e913898f9c8e4065779e3973b076b70ea473045736	d61fcb2e1d40d0448d459daaab952975477203bb00b76cb53145aea8f61333b1	verified_exact_membership
PATHWAYS	CYTOKINE_JAK_STAT	CYTOKINE_JAK_STAT	8	Groups cytokine pathways that transmit signals through JAK kinases and STAT transcription factors.	IL10_STAT3_SIGNALING	IL10/STAT3 signaling	5	Groups curated signaling and pathway gene sets describing il10/stat3 signaling.	5	1	BIOCARTA_IL10_PATHWAY			lisa_dictionary_core@1.0.0	f24b5bd8d9ac66b6d64c1a91c56ab567aa64a37f05dee5ce0ed3011b2bed8994	0914c2d2e40369041a2313e913898f9c8e4065779e3973b076b70ea473045736	d61fcb2e1d40d0448d459daaab952975477203bb00b76cb53145aea8f61333b1	verified_exact_membership
PATHWAYS	CYTOKINE_JAK_STAT	CYTOKINE_JAK_STAT	8	Groups cytokine pathways that transmit signals through JAK kinases and STAT transcription factors.	IL12_IL23_STAT4_3_SIGNALING	IL12/IL23 signaling	6	Groups curated signaling and pathway gene sets describing il12/il23 signaling.	11	2	PID_IL23_PATHWAY	BIOCARTA_IL12_PATHWAY		lisa_dictionary_core@1.0.0	f24b5bd8d9ac66b6d64c1a91c56ab567aa64a37f05dee5ce0ed3011b2bed8994	0914c2d2e40369041a2313e913898f9c8e4065779e3973b076b70ea473045736	d61fcb2e1d40d0448d459daaab952975477203bb00b76cb53145aea8f61333b1	verified_exact_membership
PATHWAYS	INFLAMMATORY_NFKB	INFLAMMATORY_NFKB	9	Groups canonical and non-canonical NF-kB pathways downstream of inflammatory receptors.	TNF_NFKB_SIGNALING	TNF/NF-kB signaling	1	Groups curated signaling and pathway gene sets describing tnf/NF-kB signaling.	17	2	PID_TNF_PATHWAY	REACTOME_TNF_SIGNALING		lisa_dictionary_core@1.0.0	f24b5bd8d9ac66b6d64c1a91c56ab567aa64a37f05dee5ce0ed3011b2bed8994	0914c2d2e40369041a2313e913898f9c8e4065779e3973b076b70ea473045736	d61fcb2e1d40d0448d459daaab952975477203bb00b76cb53145aea8f61333b1	verified_exact_membership
PATHWAYS	INFLAMMATORY_NFKB	INFLAMMATORY_NFKB	9	Groups canonical and non-canonical NF-kB pathways downstream of inflammatory receptors.	IL1_TLR_NFKB_SIGNALING	IL1/TLR-NF-kB signaling	2	Groups curated signaling and pathway gene sets describing il1/tlr-NF-kB signaling.	17	2	PID_IL1_PATHWAY	WP_IL1_SIGNALING		lisa_dictionary_core@1.0.0	f24b5bd8d9ac66b6d64c1a91c56ab567aa64a37f05dee5ce0ed3011b2bed8994	0914c2d2e40369041a2313e913898f9c8e4065779e3973b076b70ea473045736	d61fcb2e1d40d0448d459daaab952975477203bb00b76cb53145aea8f61333b1	verified_exact_membership
PATHWAYS	INFLAMMATORY_NFKB	INFLAMMATORY_NFKB	9	Groups canonical and non-canonical NF-kB pathways downstream of inflammatory receptors.	CANONICAL_NFKB_SIGNALING	Canonical NF-kB signaling	3	Groups curated signaling and pathway gene sets describing canonical NF-kB signaling.	15	2	REACTOME_TRAF6_MEDIATED_NF_KB_ACTIVATION	GOBP_CANONICAL_NF_KAPPAB_SIGNAL_TRANSDUCTION		lisa_dictionary_core@1.0.0	f24b5bd8d9ac66b6d64c1a91c56ab567aa64a37f05dee5ce0ed3011b2bed8994	0914c2d2e40369041a2313e913898f9c8e4065779e3973b076b70ea473045736	d61fcb2e1d40d0448d459daaab952975477203bb00b76cb53145aea8f61333b1	verified_exact_membership
PATHWAYS	INFLAMMATORY_NFKB	INFLAMMATORY_NFKB	9	Groups canonical and non-canonical NF-kB pathways downstream of inflammatory receptors.	NONCANONICAL_NFKB_SIGNALING	Non-canonical NF-kB signaling	4	Groups curated signaling and pathway gene sets describing non-canonical NF-kB signaling.	6	2	REACTOME_TNFR2_NON_CANONICAL_NF_KB_PATHWAY	GOBP_NON_CANONICAL_NF_KAPPAB_SIGNAL_TRANSDUCTION		lisa_dictionary_core@1.0.0	f24b5bd8d9ac66b6d64c1a91c56ab567aa64a37f05dee5ce0ed3011b2bed8994	0914c2d2e40369041a2313e913898f9c8e4065779e3973b076b70ea473045736	d61fcb2e1d40d0448d459daaab952975477203bb00b76cb53145aea8f61333b1	verified_exact_membership
PATHWAYS	INNATE_IMMUNE_SIGNALING	INNATE_IMMUNE_SIGNALING	10	Groups pattern-recognition, nucleic-acid sensing and inflammasome pathways of innate immunity.	TLR_SIGNALING	TLR signaling	1	Groups curated signaling and pathway gene sets describing tlr signaling.	30	3	BIOCARTA_TOLL_PATHWAY	GOBP_TOLL_SIGNALING_PATHWAY	PID_TOLL_ENDOGENOUS_PATHWAY	lisa_dictionary_core@1.0.0	f24b5bd8d9ac66b6d64c1a91c56ab567aa64a37f05dee5ce0ed3011b2bed8994	0914c2d2e40369041a2313e913898f9c8e4065779e3973b076b70ea473045736	d61fcb2e1d40d0448d459daaab952975477203bb00b76cb53145aea8f61333b1	verified_exact_membership
PATHWAYS	INNATE_IMMUNE_SIGNALING	INNATE_IMMUNE_SIGNALING	10	Groups pattern-recognition, nucleic-acid sensing and inflammasome pathways of innate immunity.	RIG_I_MDA5_SIGNALING	RIG-I/MDA5 signaling	2	Groups curated signaling and pathway gene sets describing rig-i/mda5 signaling.	9	2	GOBP_RIG_I_SIGNALING_PATHWAY	KEGG_RIG_I_LIKE_RECEPTOR_SIGNALING_PATHWAY		lisa_dictionary_core@1.0.0	f24b5bd8d9ac66b6d64c1a91c56ab567aa64a37f05dee5ce0ed3011b2bed8994	0914c2d2e40369041a2313e913898f9c8e4065779e3973b076b70ea473045736	d61fcb2e1d40d0448d459daaab952975477203bb00b76cb53145aea8f61333b1	verified_exact_membership
PATHWAYS	INNATE_IMMUNE_SIGNALING	INNATE_IMMUNE_SIGNALING	10	Groups pattern-recognition, nucleic-acid sensing and inflammasome pathways of innate immunity.	CGAS_STING_SIGNALING	cGAS-STING signaling	3	Groups curated signaling and pathway gene sets describing cgas-sting signaling.	7	2	GOBP_CGAS_STING_SIGNALING_PATHWAY	KEGG_MEDICUS_REFERENCE_CGAS_STING_SIGNALING_PATHWAY		lisa_dictionary_core@1.0.0	f24b5bd8d9ac66b6d64c1a91c56ab567aa64a37f05dee5ce0ed3011b2bed8994	0914c2d2e40369041a2313e913898f9c8e4065779e3973b076b70ea473045736	d61fcb2e1d40d0448d459daaab952975477203bb00b76cb53145aea8f61333b1	verified_exact_membership
PATHWAYS	INNATE_IMMUNE_SIGNALING	INNATE_IMMUNE_SIGNALING	10	Groups pattern-recognition, nucleic-acid sensing and inflammasome pathways of innate immunity.	NLRP3_INFLAMMASOME_SIGNALING	NLRP3 inflammasome signaling	4	Groups curated signaling and pathway gene sets describing nlrp3 inflammasome signaling.	8	2	REACTOME_THE_NLRP3_INFLAMMASOME	REACTOME_INFLAMMASOMES		lisa_dictionary_core@1.0.0	f24b5bd8d9ac66b6d64c1a91c56ab567aa64a37f05dee5ce0ed3011b2bed8994	0914c2d2e40369041a2313e913898f9c8e4065779e3973b076b70ea473045736	d61fcb2e1d40d0448d459daaab952975477203bb00b76cb53145aea8f61333b1	verified_exact_membership
PATHWAYS	GPCR_SECOND_MESSENGER	GPCR_SECOND_MESSENGER	11	Groups GPCR and phospholipase pathways that use cyclic nucleotides, calcium and other second messengers.	GPCR_CAMP_PKA_SIGNALING	GPCR-cAMP-PKA signaling	1	Groups curated signaling and pathway gene sets describing GPCR-camp-pka signaling.	31	3	BIOCARTA_GPCR_PATHWAY	GOBP_CAMP_PKA_SIGNAL_TRANSDUCTION	KEGG_MEDICUS_REFERENCE_PKA_HOLOENZYME	lisa_dictionary_core@1.0.0	f24b5bd8d9ac66b6d64c1a91c56ab567aa64a37f05dee5ce0ed3011b2bed8994	0914c2d2e40369041a2313e913898f9c8e4065779e3973b076b70ea473045736	d61fcb2e1d40d0448d459daaab952975477203bb00b76cb53145aea8f61333b1	verified_exact_membership
PATHWAYS	GPCR_SECOND_MESSENGER	GPCR_SECOND_MESSENGER	11	Groups GPCR and phospholipase pathways that use cyclic nucleotides, calcium and other second messengers.	GPCR_PLC_CALCIUM_SIGNALING	GPCR-PLC-calcium signaling	2	Groups curated signaling and pathway gene sets describing GPCR-plc-calcium signaling.	16	2	BIOCARTA_GPCR_PATHWAY	KEGG_MEDICUS_REFERENCE_GPCR_PLCB_ITPR_SIGNALING_PATHWAY		lisa_dictionary_core@1.0.0	f24b5bd8d9ac66b6d64c1a91c56ab567aa64a37f05dee5ce0ed3011b2bed8994	0914c2d2e40369041a2313e913898f9c8e4065779e3973b076b70ea473045736	d61fcb2e1d40d0448d459daaab952975477203bb00b76cb53145aea8f61333b1	verified_exact_membership
PATHWAYS	GPCR_SECOND_MESSENGER	GPCR_SECOND_MESSENGER	11	Groups GPCR and phospholipase pathways that use cyclic nucleotides, calcium and other second messengers.	PLC_GAMMA_SIGNALING	PLC-gamma signaling	3	Groups curated signaling and pathway gene sets describing plc-gamma signaling.	2	1	KEGG_MEDICUS_REFERENCE_TCR_PLCG_ITPR_SIGNALING_PATHWAY			lisa_dictionary_core@1.0.0	f24b5bd8d9ac66b6d64c1a91c56ab567aa64a37f05dee5ce0ed3011b2bed8994	0914c2d2e40369041a2313e913898f9c8e4065779e3973b076b70ea473045736	d61fcb2e1d40d0448d459daaab952975477203bb00b76cb53145aea8f61333b1	verified_exact_membership
PATHWAYS	GPCR_SECOND_MESSENGER	GPCR_SECOND_MESSENGER	11	Groups GPCR and phospholipase pathways that use cyclic nucleotides, calcium and other second messengers.	CALCIUM_CALMODULIN_CALCINEURIN	Calcium/calcineurin/NFAT signaling	4	Groups curated signaling and pathway gene sets describing calcium/calcineurin/nfat signaling.	12	2	REACTOME_CALCINEURIN_ACTIVATES_NFAT	BIOCARTA_NFAT_PATHWAY		lisa_dictionary_core@1.0.0	f24b5bd8d9ac66b6d64c1a91c56ab567aa64a37f05dee5ce0ed3011b2bed8994	0914c2d2e40369041a2313e913898f9c8e4065779e3973b076b70ea473045736	d61fcb2e1d40d0448d459daaab952975477203bb00b76cb53145aea8f61333b1	verified_exact_membership
PATHWAYS	GPCR_SECOND_MESSENGER	GPCR_SECOND_MESSENGER	11	Groups GPCR and phospholipase pathways that use cyclic nucleotides, calcium and other second messengers.	S1P_EDG_SIGNALING	S1P/EDG receptor signaling	5	Groups curated signaling and pathway gene sets describing s1p/edg receptor signaling.	8	2	WP_S1P_RECEPTOR_SIGNAL_TRANSDUCTION	PID_S1P_META_PATHWAY		lisa_dictionary_core@1.0.0	f24b5bd8d9ac66b6d64c1a91c56ab567aa64a37f05dee5ce0ed3011b2bed8994	0914c2d2e40369041a2313e913898f9c8e4065779e3973b076b70ea473045736	d61fcb2e1d40d0448d459daaab952975477203bb00b76cb53145aea8f61333b1	verified_exact_membership
PATHWAYS	T_CELL_B_CELL_RECEPTOR_SIGNALING	T_CELL_B_CELL_RECEPTOR_SIGNALING	12	Groups antigen-receptor and costimulatory signaling in T and B lymphocytes.	TCR_SIGNALING	T-cell receptor signaling	1	Groups curated signaling and pathway gene sets describing t-cell receptor signaling.	17	2	GOBP_T_CELL_RECEPTOR_SIGNALING_PATHWAY	KEGG_T_CELL_RECEPTOR_SIGNALING_PATHWAY		lisa_dictionary_core@1.0.0	f24b5bd8d9ac66b6d64c1a91c56ab567aa64a37f05dee5ce0ed3011b2bed8994	0914c2d2e40369041a2313e913898f9c8e4065779e3973b076b70ea473045736	d61fcb2e1d40d0448d459daaab952975477203bb00b76cb53145aea8f61333b1	verified_exact_membership
PATHWAYS	T_CELL_B_CELL_RECEPTOR_SIGNALING	T_CELL_B_CELL_RECEPTOR_SIGNALING	12	Groups antigen-receptor and costimulatory signaling in T and B lymphocytes.	BCR_SIGNALING	B-cell receptor signaling	2	Groups curated signaling and pathway gene sets describing b-cell receptor signaling.	13	2	WP_B_CELL_RECEPTOR_SIGNALING	GOBP_B_CELL_RECEPTOR_SIGNALING_PATHWAY		lisa_dictionary_core@1.0.0	f24b5bd8d9ac66b6d64c1a91c56ab567aa64a37f05dee5ce0ed3011b2bed8994	0914c2d2e40369041a2313e913898f9c8e4065779e3973b076b70ea473045736	d61fcb2e1d40d0448d459daaab952975477203bb00b76cb53145aea8f61333b1	verified_exact_membership
PATHWAYS	T_CELL_B_CELL_RECEPTOR_SIGNALING	T_CELL_B_CELL_RECEPTOR_SIGNALING	12	Groups antigen-receptor and costimulatory signaling in T and B lymphocytes.	CD28_COSTIMULATION_SIGNALING	CD28 costimulation signaling	3	Groups curated signaling and pathway gene sets describing cd28 costimulation signaling.	7	2	REACTOME_CD28_DEPENDENT_VAV1_PATHWAY	REACTOME_CO_STIMULATION_BY_CD28		lisa_dictionary_core@1.0.0	f24b5bd8d9ac66b6d64c1a91c56ab567aa64a37f05dee5ce0ed3011b2bed8994	0914c2d2e40369041a2313e913898f9c8e4065779e3973b076b70ea473045736	d61fcb2e1d40d0448d459daaab952975477203bb00b76cb53145aea8f61333b1	verified_exact_membership
PATHWAYS	DEATH_RECEPTOR_SIGNALING	DEATH_RECEPTOR_SIGNALING	13	Groups extrinsic cell-death pathways initiated by death receptors and their proximal signaling complexes.	FAS_DEATH_RECEPTOR_SIGNALING	FAS/death receptor signaling	1	Groups curated signaling and pathway gene sets describing fas/death receptor signaling.	10	2	REACTOME_DEATH_RECEPTOR_SIGNALING	PID_FAS_PATHWAY		lisa_dictionary_core@1.0.0	f24b5bd8d9ac66b6d64c1a91c56ab567aa64a37f05dee5ce0ed3011b2bed8994	0914c2d2e40369041a2313e913898f9c8e4065779e3973b076b70ea473045736	d61fcb2e1d40d0448d459daaab952975477203bb00b76cb53145aea8f61333b1	verified_exact_membership
PATHWAYS	DEATH_RECEPTOR_SIGNALING	DEATH_RECEPTOR_SIGNALING	13	Groups extrinsic cell-death pathways initiated by death receptors and their proximal signaling complexes.	TRAIL_DEATH_RECEPTOR_SIGNALING	TRAIL death receptor signaling	2	Groups curated signaling and pathway gene sets describing trail death receptor signaling.	6	2	REACTOME_DEATH_RECEPTOR_SIGNALING	PID_TRAIL_PATHWAY		lisa_dictionary_core@1.0.0	f24b5bd8d9ac66b6d64c1a91c56ab567aa64a37f05dee5ce0ed3011b2bed8994	0914c2d2e40369041a2313e913898f9c8e4065779e3973b076b70ea473045736	d61fcb2e1d40d0448d459daaab952975477203bb00b76cb53145aea8f61333b1	verified_exact_membership
PATHWAYS	NUCLEAR_RECEPTOR_SIGNALING	NUCLEAR_RECEPTOR_SIGNALING	14	Groups signaling and transcriptional programs controlled by steroid and metabolic nuclear receptors.	ESTROGEN_RECEPTOR_SIGNALING	Estrogen receptor signaling	1	Groups curated signaling and pathway gene sets describing estrogen receptor signaling.	9	2	WP_ESTROGEN_RECEPTOR_PATHWAY	GOBP_ESTROGEN_RECEPTOR_SIGNALING_PATHWAY		lisa_dictionary_core@1.0.0	f24b5bd8d9ac66b6d64c1a91c56ab567aa64a37f05dee5ce0ed3011b2bed8994	0914c2d2e40369041a2313e913898f9c8e4065779e3973b076b70ea473045736	d61fcb2e1d40d0448d459daaab952975477203bb00b76cb53145aea8f61333b1	verified_exact_membership
PATHWAYS	NUCLEAR_RECEPTOR_SIGNALING	NUCLEAR_RECEPTOR_SIGNALING	14	Groups signaling and transcriptional programs controlled by steroid and metabolic nuclear receptors.	ANDROGEN_RECEPTOR_SIGNALING	Androgen receptor signaling	2	Groups curated signaling and pathway gene sets describing androgen receptor signaling.	5	1	WP_ANDROGEN_RECEPTOR_SIGNALING			lisa_dictionary_core@1.0.0	f24b5bd8d9ac66b6d64c1a91c56ab567aa64a37f05dee5ce0ed3011b2bed8994	0914c2d2e40369041a2313e913898f9c8e4065779e3973b076b70ea473045736	d61fcb2e1d40d0448d459daaab952975477203bb00b76cb53145aea8f61333b1	verified_exact_membership
PATHWAYS	NUCLEAR_RECEPTOR_SIGNALING	NUCLEAR_RECEPTOR_SIGNALING	14	Groups signaling and transcriptional programs controlled by steroid and metabolic nuclear receptors.	PPAR_SIGNALING	PPAR signaling	3	Groups curated signaling and pathway gene sets describing ppar signaling.	8	2	WP_PPAR_SIGNALING	KEGG_PPAR_SIGNALING_PATHWAY		lisa_dictionary_core@1.0.0	f24b5bd8d9ac66b6d64c1a91c56ab567aa64a37f05dee5ce0ed3011b2bed8994	0914c2d2e40369041a2313e913898f9c8e4065779e3973b076b70ea473045736	d61fcb2e1d40d0448d459daaab952975477203bb00b76cb53145aea8f61333b1	verified_exact_membership
PATHWAYS	STRESS_RESPONSE_SIGNALING	STRESS_RESPONSE_SIGNALING	15	Groups NRF2 antioxidant and unfolded-protein-response branches that manage oxidative and endoplasmic-reticulum stress.	NRF2_KEAP1_SIGNALING	NRF2/KEAP1 signaling	1	Groups curated signaling and pathway gene sets describing NRF2/keap1 signaling.	11	2	WP_NRF2_PATHWAY	KEGG_MEDICUS_REFERENCE_KEAP1_NRF2_SIGNALING_PATHWAY		lisa_dictionary_core@1.0.0	f24b5bd8d9ac66b6d64c1a91c56ab567aa64a37f05dee5ce0ed3011b2bed8994	0914c2d2e40369041a2313e913898f9c8e4065779e3973b076b70ea473045736	d61fcb2e1d40d0448d459daaab952975477203bb00b76cb53145aea8f61333b1	verified_exact_membership
PATHWAYS	STRESS_RESPONSE_SIGNALING	STRESS_RESPONSE_SIGNALING	15	Groups NRF2 antioxidant and unfolded-protein-response branches that manage oxidative and endoplasmic-reticulum stress.	UPR_PERK_ATF4_SIGNALING	PERK/ATF4 UPR signaling	2	Groups curated signaling and pathway gene sets describing perk/atf4 upr signaling.	8	2	KEGG_MEDICUS_VARIANT_SCRAPIE_CONFORMATION_PRPSC_TO_PERK_ATF4_SIGNALING_PATHWAY	KEGG_MEDICUS_VARIANT_MUTATION_CAUSED_ABERRANT_SNCA_TO_PERK_ATF4_SIGNALING_PATHWAY		lisa_dictionary_core@1.0.0	f24b5bd8d9ac66b6d64c1a91c56ab567aa64a37f05dee5ce0ed3011b2bed8994	0914c2d2e40369041a2313e913898f9c8e4065779e3973b076b70ea473045736	d61fcb2e1d40d0448d459daaab952975477203bb00b76cb53145aea8f61333b1	verified_exact_membership
PATHWAYS	STRESS_RESPONSE_SIGNALING	STRESS_RESPONSE_SIGNALING	15	Groups NRF2 antioxidant and unfolded-protein-response branches that manage oxidative and endoplasmic-reticulum stress.	IRE1_XBP1_SIGNALING	IRE1/XBP1 UPR signaling	3	Groups curated signaling and pathway gene sets describing ire1/xbp1 upr signaling.	3	1	GOBP_IRE1_MEDIATED_UNFOLDED_PROTEIN_RESPONSE			lisa_dictionary_core@1.0.0	f24b5bd8d9ac66b6d64c1a91c56ab567aa64a37f05dee5ce0ed3011b2bed8994	0914c2d2e40369041a2313e913898f9c8e4065779e3973b076b70ea473045736	d61fcb2e1d40d0448d459daaab952975477203bb00b76cb53145aea8f61333b1	verified_exact_membership
PATHWAYS	STRESS_RESPONSE_SIGNALING	STRESS_RESPONSE_SIGNALING	15	Groups NRF2 antioxidant and unfolded-protein-response branches that manage oxidative and endoplasmic-reticulum stress.	ATF6_UPR_SIGNALING	ATF6 UPR signaling	4	Groups curated signaling and pathway gene sets describing atf6 upr signaling.	4	1	GOBP_ATF6_MEDIATED_UNFOLDED_PROTEIN_RESPONSE			lisa_dictionary_core@1.0.0	f24b5bd8d9ac66b6d64c1a91c56ab567aa64a37f05dee5ce0ed3011b2bed8994	0914c2d2e40369041a2313e913898f9c8e4065779e3973b076b70ea473045736	d61fcb2e1d40d0448d459daaab952975477203bb00b76cb53145aea8f61333b1	verified_exact_membership
PATHWAYS	RTK_MATRIX_GUIDANCE_SIGNALING	RTK_MATRIX_GUIDANCE_SIGNALING	16	Groups receptor and guidance pathways that connect extracellular cues, matrix interactions and directed cell behavior.	EPHRIN_EPH_SIGNALING	Ephrin/EPH signaling	1	Groups curated signaling and pathway gene sets describing ephrin/eph signaling.	11	2	REACTOME_EPH_EPHRIN_SIGNALING	REACTOME_EPHRIN_SIGNALING		lisa_dictionary_core@1.0.0	f24b5bd8d9ac66b6d64c1a91c56ab567aa64a37f05dee5ce0ed3011b2bed8994	0914c2d2e40369041a2313e913898f9c8e4065779e3973b076b70ea473045736	d61fcb2e1d40d0448d459daaab952975477203bb00b76cb53145aea8f61333b1	verified_exact_membership
PATHWAYS	RTK_MATRIX_GUIDANCE_SIGNALING	RTK_MATRIX_GUIDANCE_SIGNALING	16	Groups receptor and guidance pathways that connect extracellular cues, matrix interactions and directed cell behavior.	DDR1_DDR2_COLLAGEN_RECEPTOR_SIGNALING	DDR1/DDR2 collagen receptor signaling	2	Groups curated signaling and pathway gene sets describing ddr1/ddr2 collagen receptor signaling.	1	1	GOBP_COLLAGEN_ACTIVATED_TYROSINE_KINASE_RECEPTOR_SIGNALING_PATHWAY			lisa_dictionary_core@1.0.0	f24b5bd8d9ac66b6d64c1a91c56ab567aa64a37f05dee5ce0ed3011b2bed8994	0914c2d2e40369041a2313e913898f9c8e4065779e3973b076b70ea473045736	d61fcb2e1d40d0448d459daaab952975477203bb00b76cb53145aea8f61333b1	verified_exact_membership
PATHWAYS	RTK_MATRIX_GUIDANCE_SIGNALING	RTK_MATRIX_GUIDANCE_SIGNALING	16	Groups receptor and guidance pathways that connect extracellular cues, matrix interactions and directed cell behavior.	SEMAPHORIN_PLEXIN_NEUROPILIN_SIGNALING	Semaphorin/Plexin/Neuropilin signaling	3	Groups curated signaling and pathway gene sets describing semaphorin/plexin/neuropilin signaling.	8	2	GOBP_SEMAPHORIN_PLEXIN_SIGNALING_PATHWAY	REACTOME_SEMAPHORIN_INTERACTIONS		lisa_dictionary_core@1.0.0	f24b5bd8d9ac66b6d64c1a91c56ab567aa64a37f05dee5ce0ed3011b2bed8994	0914c2d2e40369041a2313e913898f9c8e4065779e3973b076b70ea473045736	d61fcb2e1d40d0448d459daaab952975477203bb00b76cb53145aea8f61333b1	verified_exact_membership
PATHWAYS	CHEMOKINE_GPCR_SIGNALING	CHEMOKINE_GPCR_SIGNALING	17	Groups chemokine-receptor and related GPCR signaling axes that guide cell positioning and communication.	CXCR4_CXCL12_SIGNALING	CXCR4/CXCL12 signaling	1	Groups curated signaling and pathway gene sets describing cxcr4/cxcl12 signaling.	12	2	GOBP_CXCL12_ACTIVATED_CXCR4_SIGNALING_PATHWAY	PID_CXCR4_PATHWAY		lisa_dictionary_core@1.0.0	f24b5bd8d9ac66b6d64c1a91c56ab567aa64a37f05dee5ce0ed3011b2bed8994	0914c2d2e40369041a2313e913898f9c8e4065779e3973b076b70ea473045736	d61fcb2e1d40d0448d459daaab952975477203bb00b76cb53145aea8f61333b1	verified_exact_membership
